Geo_FIPS,Geo_NAME,Geo_QNAME,Geo_NATION,Geo_STATE,Geo_COUNTY,Geo_CS,Geo_CT,Total Population,Population Density,Housing Units,Occupied Units,Vacant Units,White Pop,Black Pop,Am Indian Alaskan Native Pop,Asian,Native Hawaiian or PI,Other,Two or More Races,Non Hispanic,Hispanic
6025010101,Census Tract 101.01,"Census Tract 101.01, Imperial County, California",0,6,25,,10101,3499,23.90041443,161,120,41,536,964,54,35,6,1829,75,1574,1925
6025010102,Census Tract 101.02,"Census Tract 101.02, Imperial County, California",0,6,25,,10102,4738,52.47472563,1591,1434,157,1366,120,84,97,16,1786,1269,676,4062
6025010200,Census Tract 102,"Census Tract 102, Imperial County, California",0,6,25,,10200,2293,31.66722392,779,727,52,776,24,31,18,0,741,703,328,1965
6025010300,Census Tract 103,"Census Tract 103, Imperial County, California",0,6,25,,10300,802,4.441169899,297,280,17,405,0,5,3,1,233,155,308,494
6025010401,Census Tract 104.01,"Census Tract 104.01, Imperial County, California",0,6,25,,10401,2748,3074.275963,802,764,38,789,69,53,29,1,1285,522,190,2558
6025010402,Census Tract 104.02,"Census Tract 104.02, Imperial County, California",0,6,25,,10402,4367,2930.829285,1408,1361,47,1279,54,53,56,2,1616,1307,198,4169
6025010500,Census Tract 105,"Census Tract 105, Imperial County, California",0,6,25,,10500,6714,4790.899845,2176,2084,92,2127,119,89,130,1,2469,1779,1048,5666
6025010600,Census Tract 106,"Census Tract 106, Imperial County, California",0,6,25,,10600,7985,2402.086477,2744,2613,131,2946,112,86,181,14,2460,2186,1984,6001
6025010700,Census Tract 107,"Census Tract 107, Imperial County, California",0,6,25,,10700,4713,2185.273338,1492,1432,60,1200,76,91,27,10,2025,1284,253,4460
6025010800,Census Tract 108,"Census Tract 108, Imperial County, California",0,6,25,,10800,1297,11.58426054,472,427,45,643,2,18,20,3,328,283,556,741
6025010900,Census Tract 109,"Census Tract 109, Imperial County, California",0,6,25,,10900,6403,1024.34091,2059,1954,105,2029,36,99,48,2,2559,1630,1012,5391
6025011001,Census Tract 110.01,"Census Tract 110.01, Imperial County, California",0,6,25,,11001,6362,97.76382488,1860,1796,64,1790,140,104,134,8,2235,1951,1108,5254
6025011002,Census Tract 110.02,"Census Tract 110.02, Imperial County, California",0,6,25,,11002,9436,2119.491814,2999,2884,115,3000,160,155,268,10,2933,2910,1950,7486
6025011100,Census Tract 111,"Census Tract 111, Imperial County, California",0,6,25,,11100,3293,42.29866622,1232,1050,182,1118,105,48,43,7,1148,824,876,2417
6025011201,Census Tract 112.01,"Census Tract 112.01, Imperial County, California",0,6,25,,11201,8254,1479.806893,2705,2576,129,2394,123,152,261,4,2761,2559,1511,6743
6025011202,Census Tract 112.02,"Census Tract 112.02, Imperial County, California",0,6,25,,11202,5508,8675.431443,2013,1907,106,1244,79,83,56,3,2305,1738,405,5103
6025011301,Census Tract 113.01,"Census Tract 113.01, Imperial County, California",0,6,25,,11301,3549,3547.519349,1008,965,43,658,6,81,5,1,1641,1157,84,3465
6025011302,Census Tract 113.02,"Census Tract 113.02, Imperial County, California",0,6,25,,11302,1672,255.725151,553,529,24,308,10,36,7,0,823,488,134,1538
6025011303,Census Tract 113.03,"Census Tract 113.03, Imperial County, California",0,6,25,,11303,4551,107.935491,1097,1066,31,1225,37,76,33,4,1788,1388,336,4215
6025011400,Census Tract 114,"Census Tract 114, Imperial County, California",0,6,25,,11400,4476,2922.766811,1305,1254,51,958,236,88,32,5,2033,1124,407,4069
6025011500,Census Tract 115,"Census Tract 115, Imperial County, California",0,6,25,,11500,6059,7688.798259,2154,2041,113,1350,139,159,79,0,2635,1697,516,5543
6025011600,Census Tract 116,"Census Tract 116, Imperial County, California",0,6,25,,11600,6615,8370.760634,2302,2158,144,1685,84,118,51,1,2717,1959,633,5982
6025011700,Census Tract 117,"Census Tract 117, Imperial County, California",0,6,25,,11700,5046,6518.952908,1532,1488,44,1282,70,80,50,7,2014,1543,595,4451
6025011801,Census Tract 118.01,"Census Tract 118.01, Imperial County, California",0,6,25,,11801,3982,3157.838206,1289,1246,43,1423,30,82,117,6,1033,1291,1047,2935
6025011802,Census Tract 118.02,"Census Tract 118.02, Imperial County, California",0,6,25,,11802,5245,7856.696234,1852,1796,56,1641,130,124,70,4,1842,1434,822,4423
6025011803,Census Tract 118.03,"Census Tract 118.03, Imperial County, California",0,6,25,,11803,6175,1291.606853,2126,1840,286,1765,101,85,311,9,1947,1957,1157,5018
6025011901,Census Tract 119.01,"Census Tract 119.01, Imperial County, California",0,6,25,,11901,2289,42.78565471,679,652,27,402,14,19,17,2,1023,812,82,2207
6025011902,Census Tract 119.02,"Census Tract 119.02, Imperial County, California",0,6,25,,11902,3927,9622.360231,1139,1118,21,773,6,38,11,4,1895,1200,58,3869
6025011903,Census Tract 119.03,"Census Tract 119.03, Imperial County, California",0,6,25,,11903,5400,165.3709752,1261,1222,39,894,45,75,417,4,2140,1825,602,4798
6025012001,Census Tract 120.01,"Census Tract 120.01, Imperial County, California",0,6,25,,12001,3801,18458.22078,1089,1023,66,643,1,31,13,4,1868,1241,64,3737
6025012003,Census Tract 120.03,"Census Tract 120.03, Imperial County, California",0,6,25,,12003,3882,6020.991578,1166,1138,28,569,8,61,152,0,1530,1562,230,3652
6025012004,Census Tract 120.04,"Census Tract 120.04, Imperial County, California",0,6,25,,12004,5935,4731.673277,1448,1408,40,969,15,85,84,0,2896,1886,165,5770
6025012101,Census Tract 121.01,"Census Tract 121.01, Imperial County, California",0,6,25,,12101,3563,7469.76055,1155,1088,67,686,13,64,34,0,1732,1034,151,3412
6025012102,Census Tract 121.02,"Census Tract 121.02, Imperial County, California",0,6,25,,12102,3455,6279.598161,1088,1054,34,663,7,52,23,0,1584,1126,82,3373
6025012201,Census Tract 122.01,"Census Tract 122.01, Imperial County, California",0,6,25,,12201,4139,4942.349188,1084,1062,22,1115,11,34,30,5,1793,1151,94,4045
6025012202,Census Tract 122.02,"Census Tract 122.02, Imperial County, California",0,6,25,,12202,3294,2796.001719,889,872,17,1053,7,48,14,0,1410,762,37,3257
6025012301,Census Tract 123.01,"Census Tract 123.01, Imperial County, California",0,6,25,,12301,4493,4.907694374,736,429,307,765,1086,52,43,10,2290,247,1910,2583
6025012302,Census Tract 123.02,"Census Tract 123.02, Imperial County, California",0,6,25,,12302,6288,96.96665477,2366,1838,528,2042,85,172,39,7,2763,1180,1151,5137
6025012400,Census Tract 124,"Census Tract 124, Imperial County, California",0,6,25,,12400,756,0.339256338,1184,424,760,538,27,16,2,2,74,97,586,170
6025940000,Census Tract 9400,"Census Tract 9400, Imperial County, California",0,6,25,,940000,2698,61.27734046,1333,930,403,488,11,1385,9,2,344,459,1755,943
6065030101,Census Tract 301.01,"Census Tract 301.01, Riverside County, California",0,6,65,,30101,1243,6598.323616,349,333,16,287,66,30,133,4,556,167,420,823
6065030103,Census Tract 301.03,"Census Tract 301.03, Riverside County, California",0,6,65,,30103,2091,5380.97377,707,664,43,599,77,96,76,10,838,395,615,1476
6065030104,Census Tract 301.04,"Census Tract 301.04, Riverside County, California",0,6,65,,30104,7253,5738.609411,2076,2009,67,1813,557,366,551,29,2703,1234,2386,4867
6065030200,Census Tract 302,"Census Tract 302, Riverside County, California",0,6,65,,30200,4944,2511.841975,2025,1945,80,2519,264,90,162,20,1026,863,2777,2167
6065030300,Census Tract 303,"Census Tract 303, Riverside County, California",0,6,65,,30300,4440,4633.511732,1847,1684,163,1838,480,74,125,12,1373,538,2372,2068
6065030400,Census Tract 304,"Census Tract 304, Riverside County, California",0,6,65,,30400,6978,6596.686813,1935,1723,212,1548,570,181,132,7,3250,1290,1542,5436
6065030501,Census Tract 305.01,"Census Tract 305.01, Riverside County, California",0,6,65,,30501,4888,6733.413652,1513,1426,87,944,658,83,318,13,2122,750,1639,3249
6065030502,Census Tract 305.02,"Census Tract 305.02, Riverside County, California",0,6,65,,30502,2120,2844.057592,522,508,14,323,112,93,25,9,1189,369,306,1814
6065030503,Census Tract 305.03,"Census Tract 305.03, Riverside County, California",0,6,65,,30503,3747,17416.37899,1127,1083,44,508,267,220,63,24,2073,592,641,3106
6065030602,Census Tract 306.02,"Census Tract 306.02, Riverside County, California",0,6,65,,30602,3334,2620.409588,1323,1282,41,2217,130,18,140,7,245,577,2572,762
6065030603,Census Tract 306.03,"Census Tract 306.03, Riverside County, California",0,6,65,,30603,3181,2312.824909,1111,1088,23,2204,64,20,84,7,269,533,2379,802
6065030604,Census Tract 306.04,"Census Tract 306.04, Riverside County, California",0,6,65,,30604,2848,1168.917727,1012,968,44,1836,132,17,306,5,221,331,2237,611
6065030605,Census Tract 306.05,"Census Tract 306.05, Riverside County, California",0,6,65,,30605,2630,906.5253224,935,895,40,1440,175,11,358,6,213,427,1999,631
6065030700,Census Tract 307,"Census Tract 307, Riverside County, California",0,6,65,,30700,5842,6150.257561,2240,2161,79,3246,225,91,134,18,1060,1068,3361,2481
6065030800,Census Tract 308,"Census Tract 308, Riverside County, California",0,6,65,,30800,7501,4362.690177,2597,2524,73,3470,416,107,313,32,1769,1394,3867,3634
6065030900,Census Tract 309,"Census Tract 309, Riverside County, California",0,6,65,,30900,3256,1369.716761,878,865,13,989,178,78,128,0,1321,562,1081,2175
6065031001,Census Tract 310.01,"Census Tract 310.01, Riverside County, California",0,6,65,,31001,5893,7690.663898,2221,2118,103,2640,447,108,223,18,1527,930,3103,2790
6065031002,Census Tract 310.02,"Census Tract 310.02, Riverside County, California",0,6,65,,31002,4655,9811.854035,1201,1182,19,1105,150,123,105,10,2360,802,1013,3642
6065031100,Census Tract 311,"Census Tract 311, Riverside County, California",0,6,65,,31100,5047,4511.233655,1759,1697,62,2542,365,71,107,8,1032,922,2725,2322
6065031200,Census Tract 312,"Census Tract 312, Riverside County, California",0,6,65,,31200,7018,4703.378586,2232,2178,54,3352,251,118,224,20,1805,1248,3384,3634
6065031300,Census Tract 313,"Census Tract 313, Riverside County, California",0,6,65,,31300,2698,3024.950812,652,633,19,402,52,124,23,7,1645,445,189,2509
6065031401,Census Tract 314.01,"Census Tract 314.01, Riverside County, California",0,6,65,,31401,6985,7990.167762,2304,2203,101,2385,371,157,178,16,2644,1234,2461,4524
6065031402,Census Tract 314.02,"Census Tract 314.02, Riverside County, California",0,6,65,,31402,6980,8025.807899,2449,2331,118,2667,412,229,292,28,2241,1111,3027,3953
6065031501,Census Tract 315.01,"Census Tract 315.01, Riverside County, California",0,6,65,,31501,5954,5902.974362,1514,1395,119,2308,355,139,323,15,1891,923,2604,3350
6065031503,Census Tract 315.03,"Census Tract 315.03, Riverside County, California",0,6,65,,31503,4339,8131.762787,1493,1445,48,1675,215,71,147,16,1383,832,1795,2544
6065031504,Census Tract 315.04,"Census Tract 315.04, Riverside County, California",0,6,65,,31504,4280,9304.367194,1421,1393,28,1251,348,109,199,3,1605,765,1547,2733
6065031601,Census Tract 316.01,"Census Tract 316.01, Riverside County, California",0,6,65,,31601,4467,5966.969445,1291,1258,33,1166,156,115,179,27,2051,773,1220,3247
6065031602,Census Tract 316.02,"Census Tract 316.02, Riverside County, California",0,6,65,,31602,5377,7962.987589,1685,1631,54,1660,233,141,194,18,2257,874,1756,3621
6065031701,Census Tract 317.01,"Census Tract 317.01, Riverside County, California",0,6,65,,31701,2966,478.3420744,867,827,40,1047,152,112,166,4,1074,411,1167,1799
6065031702,Census Tract 317.02,"Census Tract 317.02, Riverside County, California",0,6,65,,31702,2341,1424.617453,742,727,15,1058,85,38,131,8,592,429,1148,1193
6065031703,Census Tract 317.03,"Census Tract 317.03, Riverside County, California",0,6,65,,31703,3711,4265.887472,1186,1140,46,1429,165,63,209,8,1163,674,1586,2125
6065031704,Census Tract 317.04,"Census Tract 317.04, Riverside County, California",0,6,65,,31704,5540,5495.486354,1822,1781,41,1904,357,104,321,40,1882,932,2334,3206
6065040101,Census Tract 401.01,"Census Tract 401.01, Riverside County, California",0,6,65,,40101,4304,879.0994044,1016,991,25,974,278,120,31,20,2062,819,845,3459
6065040102,Census Tract 401.02,"Census Tract 401.02, Riverside County, California",0,6,65,,40102,5788,1513.713888,1430,1395,35,1451,271,122,365,20,2390,1169,1622,4166
6065040201,Census Tract 402.01,"Census Tract 402.01, Riverside County, California",0,6,65,,40201,6421,2117.729937,1821,1793,28,1847,243,128,311,30,2762,1100,1846,4575
6065040202,Census Tract 402.02,"Census Tract 402.02, Riverside County, California",0,6,65,,40202,3129,5248.843375,890,870,20,1111,101,70,43,7,1246,551,1071,2058
6065040203,Census Tract 402.03,"Census Tract 402.03, Riverside County, California",0,6,65,,40203,3788,10538.94717,958,928,30,556,110,81,36,0,2534,471,407,3381
6065040204,Census Tract 402.04,"Census Tract 402.04, Riverside County, California",0,6,65,,40204,3742,7034.91502,925,881,44,511,198,168,21,5,2399,440,445,3297
6065040302,Census Tract 403.02,"Census Tract 403.02, Riverside County, California",0,6,65,,40302,7522,3395.005563,2136,2104,32,3110,291,162,371,13,2117,1458,3104,4418
6065040303,Census Tract 403.03,"Census Tract 403.03, Riverside County, California",0,6,65,,40303,4072,3450.11801,1016,977,39,1015,126,65,318,21,1802,725,1118,2954
6065040304,Census Tract 403.04,"Census Tract 403.04, Riverside County, California",0,6,65,,40304,4099,7993.856334,1210,1178,32,923,127,115,88,7,2231,608,704,3395
6065040305,Census Tract 403.05,"Census Tract 403.05, Riverside County, California",0,6,65,,40305,3498,4454.871208,937,906,31,999,113,70,47,17,1715,537,808,2690
6065040402,Census Tract 404.02,"Census Tract 404.02, Riverside County, California",0,6,65,,40402,4243,2308.144661,1074,1036,38,1410,50,95,46,10,2018,614,1091,3152
6065040403,Census Tract 404.03,"Census Tract 404.03, Riverside County, California",0,6,65,,40403,5646,2960.735422,1406,1382,24,1500,46,126,90,5,2700,1179,1175,4471
6065040404,Census Tract 404.04,"Census Tract 404.04, Riverside County, California",0,6,65,,40404,3313,3230.761155,921,899,22,1063,97,54,295,15,1147,642,1250,2063
6065040405,Census Tract 404.05,"Census Tract 404.05, Riverside County, California",0,6,65,,40405,5386,2362.232554,1643,1597,46,2295,219,100,223,19,1495,1035,2356,3030
6065040501,Census Tract 405.01,"Census Tract 405.01, Riverside County, California",0,6,65,,40501,7196,3646.412332,1872,1840,32,1980,109,174,155,18,3371,1389,1579,5617
6065040502,Census Tract 405.02,"Census Tract 405.02, Riverside County, California",0,6,65,,40502,5995,1727.779586,1656,1599,57,1269,201,185,171,8,2979,1182,1236,4759
6065040503,Census Tract 405.03,"Census Tract 405.03, Riverside County, California",0,6,65,,40503,3874,2605.994619,1861,1813,48,1386,435,79,156,14,1158,646,1740,2134
6065040603,Census Tract 406.03,"Census Tract 406.03, Riverside County, California",0,6,65,,40603,2346,2048.507829,646,617,29,644,17,28,18,0,1191,448,436,1910
6065040604,Census Tract 406.04,"Census Tract 406.04, Riverside County, California",0,6,65,,40604,5670,3870.68198,1464,1446,18,2344,85,81,104,13,1744,1299,2195,3475
6065040605,Census Tract 406.05,"Census Tract 406.05, Riverside County, California",0,6,65,,40605,3410,3983.842033,828,804,24,802,12,88,12,21,1675,800,472,2938
6065040606,Census Tract 406.06,"Census Tract 406.06, Riverside County, California",0,6,65,,40606,3337,3310.121434,813,768,45,801,30,42,20,5,1791,648,497,2840
6065040609,Census Tract 406.09,"Census Tract 406.09, Riverside County, California",0,6,65,,40609,16631,1870.337861,4345,4267,78,4689,1036,119,5832,37,2018,2900,11197,5434
6065040611,Census Tract 406.11,"Census Tract 406.11, Riverside County, California",0,6,65,,40611,8431,8504.394247,2078,2033,45,2165,918,80,2633,29,1227,1379,5519,2912
6065040616,Census Tract 406.16,"Census Tract 406.16, Riverside County, California",0,6,65,,40616,11213,3425.735069,2784,2724,60,2719,1275,99,3884,37,1477,1722,7520,3693
6065040617,Census Tract 406.17,"Census Tract 406.17, Riverside County, California",0,6,65,,40617,7275,6916.943686,1938,1850,88,1883,598,48,2185,26,1271,1264,4394,2881
6065040618,Census Tract 406.18,"Census Tract 406.18, Riverside County, California",0,6,65,,40618,10472,1456.564909,2994,2832,162,2816,829,99,2101,42,2781,1804,5235,5237
6065040619,Census Tract 406.19,"Census Tract 406.19, Riverside County, California",0,6,65,,40619,5933,7293.822343,1451,1430,21,1335,563,72,2166,14,789,994,3894,2039
6065040620,Census Tract 406.20,"Census Tract 406.20, Riverside County, California",0,6,65,,40620,7702,9507.088858,1966,1944,22,2221,723,99,1930,11,1240,1478,4540,3162
6065040621,Census Tract 406.21,"Census Tract 406.21, Riverside County, California",0,6,65,,40621,4230,8468.141224,1068,1045,23,1245,397,37,1208,11,637,695,2691,1539
6065040622,Census Tract 406.22,"Census Tract 406.22, Riverside County, California",0,6,65,,40622,6140,7431.291947,1720,1668,52,1614,649,58,1646,32,1096,1045,3612,2528
6065040701,Census Tract 407.01,"Census Tract 407.01, Riverside County, California",0,6,65,,40701,2167,1596.620429,686,676,10,1460,43,32,63,1,253,315,1571,596
6065040702,Census Tract 407.02,"Census Tract 407.02, Riverside County, California",0,6,65,,40702,2685,2229.576359,937,898,39,1728,8,34,37,4,489,385,1700,985
6065040703,Census Tract 407.03,"Census Tract 407.03, Riverside County, California",0,6,65,,40703,2800,1716.883468,939,901,38,1762,35,42,29,3,525,404,1762,1038
6065040806,Census Tract 408.06,"Census Tract 408.06, Riverside County, California",0,6,65,,40806,2826,2706.979116,866,857,9,1567,79,28,189,9,436,518,1758,1068
6065040807,Census Tract 408.07,"Census Tract 408.07, Riverside County, California",0,6,65,,40807,3429,4427.457929,1011,1002,9,1644,116,60,215,27,679,688,1825,1604
6065040808,Census Tract 408.08,"Census Tract 408.08, Riverside County, California",0,6,65,,40808,6939,10348.0396,2214,2175,39,2071,445,118,573,28,2464,1240,2699,4240
6065040809,Census Tract 408.09,"Census Tract 408.09, Riverside County, California",0,6,65,,40809,3508,3976.150089,1052,1032,20,1245,196,43,464,11,925,624,1706,1802
6065040812,Census Tract 408.12,"Census Tract 408.12, Riverside County, California",0,6,65,,40812,3419,2583.397654,1143,1107,36,2074,39,49,62,9,642,544,2048,1371
6065040813,Census Tract 408.13,"Census Tract 408.13, Riverside County, California",0,6,65,,40813,6155,1241.780914,1899,1852,47,3545,176,54,551,9,899,921,4178,1977
6065040814,Census Tract 408.14,"Census Tract 408.14, Riverside County, California",0,6,65,,40814,4941,11758.15648,1656,1586,70,1690,613,28,801,23,963,823,2991,1950
6065040815,Census Tract 408.15,"Census Tract 408.15, Riverside County, California",0,6,65,,40815,3651,7537.346739,1212,1183,29,1101,382,36,855,4,714,559,2245,1406
6065040816,Census Tract 408.16,"Census Tract 408.16, Riverside County, California",0,6,65,,40816,2408,3925.62724,861,838,23,980,273,20,457,9,324,345,1655,753
6065040821,Census Tract 408.21,"Census Tract 408.21, Riverside County, California",0,6,65,,40821,5825,8702.856423,2039,1917,122,2097,610,59,1052,39,1102,866,3569,2256
6065040901,Census Tract 409.01,"Census Tract 409.01, Riverside County, California",0,6,65,,40901,7668,9565.395465,2662,2546,116,2189,806,149,999,43,2069,1413,3798,3870
6065040902,Census Tract 409.02,"Census Tract 409.02, Riverside County, California",0,6,65,,40902,5290,1788.250195,1794,1734,60,2266,231,78,561,17,1047,1090,2787,2503
6065040903,Census Tract 409.03,"Census Tract 409.03, Riverside County, California",0,6,65,,40903,2739,8296.738756,812,784,28,847,136,45,123,16,815,757,953,1786
6065040904,Census Tract 409.04,"Census Tract 409.04, Riverside County, California",0,6,65,,40904,3970,8212.766585,995,976,19,1129,131,69,300,19,1550,772,1288,2682
6065041001,Census Tract 410.01,"Census Tract 410.01, Riverside County, California",0,6,65,,41001,2725,14389.67299,776,736,40,664,125,50,35,5,1389,457,511,2214
6065041002,Census Tract 410.02,"Census Tract 410.02, Riverside County, California",0,6,65,,41002,3283,8316.654184,838,812,26,787,133,90,97,6,1593,577,680,2603
6065041003,Census Tract 410.03,"Census Tract 410.03, Riverside County, California",0,6,65,,41003,2627,3682.552363,690,668,22,887,43,44,111,2,987,553,890,1737
6065041004,Census Tract 410.04,"Census Tract 410.04, Riverside County, California",0,6,65,,41004,4475,1172.154322,1399,1339,60,1231,202,55,247,20,1849,871,1414,3061
6065041101,Census Tract 411.01,"Census Tract 411.01, Riverside County, California",0,6,65,,41101,5411,8878.616177,1274,1241,33,768,182,175,86,25,3327,848,624,4787
6065041102,Census Tract 411.02,"Census Tract 411.02, Riverside County, California",0,6,65,,41102,4524,4766.249915,1117,1086,31,1111,89,56,256,12,2127,873,1062,3462
6065041201,Census Tract 412.01,"Census Tract 412.01, Riverside County, California",0,6,65,,41201,4532,4541.358046,1219,1188,31,1171,239,77,381,7,1780,877,1525,3007
6065041202,Census Tract 412.02,"Census Tract 412.02, Riverside County, California",0,6,65,,41202,4454,9267.472243,1003,987,16,976,37,95,113,6,2241,986,645,3809
6065041203,Census Tract 412.03,"Census Tract 412.03, Riverside County, California",0,6,65,,41203,3442,10370.43693,1008,949,59,863,145,62,111,10,1594,657,652,2790
6065041301,Census Tract 413.01,"Census Tract 413.01, Riverside County, California",0,6,65,,41301,3585,4375.045696,868,851,17,726,46,41,84,9,1701,978,596,2989
6065041302,Census Tract 413.02,"Census Tract 413.02, Riverside County, California",0,6,65,,41302,4317,7524.773517,1067,1036,31,795,89,138,215,30,2171,879,768,3549
6065041403,Census Tract 414.03,"Census Tract 414.03, Riverside County, California",0,6,65,,41403,4566,5174.271383,1608,1566,42,1651,317,76,677,13,1052,780,2507,2059
6065041404,Census Tract 414.04,"Census Tract 414.04, Riverside County, California",0,6,65,,41404,3799,7220.741019,984,974,10,1182,96,93,300,12,1404,712,1380,2419
6065041405,Census Tract 414.05,"Census Tract 414.05, Riverside County, California",0,6,65,,41405,4782,6945.162746,1355,1327,28,1463,139,82,225,55,1927,891,1497,3285
6065041406,Census Tract 414.06,"Census Tract 414.06, Riverside County, California",0,6,65,,41406,5957,8206.614583,2051,1981,70,1901,539,78,688,36,1556,1159,2889,3068
6065041407,Census Tract 414.07,"Census Tract 414.07, Riverside County, California",0,6,65,,41407,5936,9521.265786,1856,1813,43,1622,451,99,361,49,2399,955,2042,3894
6065041408,Census Tract 414.08,"Census Tract 414.08, Riverside County, California",0,6,65,,41408,4566,8313.632992,1540,1474,66,1410,408,86,217,37,1528,880,1725,2841
6065041410,Census Tract 414.10,"Census Tract 414.10, Riverside County, California",0,6,65,,41410,3059,4054.898692,651,644,7,357,15,96,19,4,2133,435,172,2887
6065041411,Census Tract 414.11,"Census Tract 414.11, Riverside County, California",0,6,65,,41411,3095,9073.728293,839,779,60,690,48,89,148,5,1258,857,601,2494
6065041412,Census Tract 414.12,"Census Tract 414.12, Riverside County, California",0,6,65,,41412,4599,5531.081193,1539,1473,66,1556,212,50,544,22,1167,1048,2026,2573
6065041413,Census Tract 414.13,"Census Tract 414.13, Riverside County, California",0,6,65,,41413,7148,3013.306563,2033,2003,30,3198,481,46,1387,16,851,1169,4957,2191
6065041414,Census Tract 414.14,"Census Tract 414.14, Riverside County, California",0,6,65,,41414,4217,1962.887199,1321,1301,20,1872,269,31,740,18,500,787,2794,1423
6065041415,Census Tract 414.15,"Census Tract 414.15, Riverside County, California",0,6,65,,41415,4530,385.1459003,1315,1287,28,1556,289,62,773,8,1050,792,2542,1988
6065041500,Census Tract 415,"Census Tract 415, Riverside County, California",0,6,65,,41500,3835,707.394701,1427,1363,64,1012,375,98,346,28,1307,669,1471,2364
6065041601,Census Tract 416.01,"Census Tract 416.01, Riverside County, California",0,6,65,,41601,2899,9049.320686,880,840,40,641,57,114,77,1,1500,509,489,2410
6065041602,Census Tract 416.02,"Census Tract 416.02, Riverside County, California",0,6,65,,41602,3245,3432.037642,949,854,95,622,53,152,102,5,1669,642,488,2757
6065041702,Census Tract 417.02,"Census Tract 417.02, Riverside County, California",0,6,65,,41702,4643,7902.47989,1286,1268,18,1639,92,130,103,1,1638,1040,1511,3132
6065041703,Census Tract 417.03,"Census Tract 417.03, Riverside County, California",0,6,65,,41703,5760,15260.90774,1731,1678,53,1264,304,124,217,15,2862,974,1203,4557
6065041704,Census Tract 417.04,"Census Tract 417.04, Riverside County, California",0,6,65,,41704,3746,10595.55459,947,916,31,636,41,143,102,5,2086,733,410,3336
6065041803,Census Tract 418.03,"Census Tract 418.03, Riverside County, California",0,6,65,,41803,5998,4684.145388,1775,1747,28,2978,217,45,1241,10,593,914,4491,1507
6065041804,Census Tract 418.04,"Census Tract 418.04, Riverside County, California",0,6,65,,41804,4332,4697.338559,1329,1304,25,2256,182,50,563,18,542,721,2884,1448
6065041805,Census Tract 418.05,"Census Tract 418.05, Riverside County, California",0,6,65,,41805,5832,9099.968381,1974,1930,44,2292,431,87,564,18,1387,1053,3042,2790
6065041806,Census Tract 418.06,"Census Tract 418.06, Riverside County, California",0,6,65,,41806,4112,6670.874205,1200,1191,9,1922,247,50,644,35,559,655,2775,1337
6065041807,Census Tract 418.07,"Census Tract 418.07, Riverside County, California",0,6,65,,41807,2305,5906.445767,663,663,0,1007,52,30,122,3,607,484,1063,1242
6065041808,Census Tract 418.08,"Census Tract 418.08, Riverside County, California",0,6,65,,41808,6771,5656.250503,1859,1812,47,3236,401,54,1241,12,802,1025,4670,2101
6065041809,Census Tract 418.09,"Census Tract 418.09, Riverside County, California",0,6,65,,41809,5852,5587.109387,2107,2005,102,2535,415,90,609,55,1057,1091,3306,2546
6065041810,Census Tract 418.10,"Census Tract 418.10, Riverside County, California",0,6,65,,41810,5895,4334.280338,1677,1643,34,2781,293,74,1126,26,579,1016,4184,1711
6065041812,Census Tract 418.12,"Census Tract 418.12, Riverside County, California",0,6,65,,41812,3488,6931.855385,1042,1020,22,1550,119,53,232,15,790,729,1711,1777
6065041813,Census Tract 418.13,"Census Tract 418.13, Riverside County, California",0,6,65,,41813,6599,9554.250283,2105,2043,62,2544,250,153,256,20,2242,1134,2289,4310
6065041904,Census Tract 419.04,"Census Tract 419.04, Riverside County, California",0,6,65,,41904,4950,3315.139634,1481,1460,21,2292,81,85,383,21,1248,840,2484,2466
6065041905,Census Tract 419.05,"Census Tract 419.05, Riverside County, California",0,6,65,,41905,3005,9660.355785,941,922,19,1079,139,64,173,23,929,598,1208,1797
6065041906,Census Tract 419.06,"Census Tract 419.06, Riverside County, California",0,6,65,,41906,6360,11536.93728,2010,1967,43,2080,249,148,291,22,2341,1229,2220,4140
6065041909,Census Tract 419.09,"Census Tract 419.09, Riverside County, California",0,6,65,,41909,5388,1599.959567,1587,1527,60,2370,133,120,307,10,1396,1052,2432,2956
6065041910,Census Tract 419.10,"Census Tract 419.10, Riverside County, California",0,6,65,,41910,7655,1778.89505,2986,2867,119,3891,604,109,578,25,1064,1384,4887,2768
6065041912,Census Tract 419.12,"Census Tract 419.12, Riverside County, California",0,6,65,,41912,6158,3587.132078,2075,2044,31,2894,251,77,1237,33,709,957,4328,1830
6065041913,Census Tract 419.13,"Census Tract 419.13, Riverside County, California",0,6,65,,41913,5564,3426.188619,2133,2069,64,2749,216,51,847,15,776,910,3740,1824
6065041914,Census Tract 419.14,"Census Tract 419.14, Riverside County, California",0,6,65,,41914,5972,789.0945057,1610,1581,29,2522,665,42,1070,14,545,1114,4137,1835
6065041915,Census Tract 419.15,"Census Tract 419.15, Riverside County, California",0,6,65,,41915,7451,381.1188195,2626,2535,91,3732,546,31,1043,17,787,1295,5341,2110
6065042003,Census Tract 420.03,"Census Tract 420.03, Riverside County, California",0,6,65,,42003,6027,1352.122464,1827,1791,36,2982,434,60,717,6,837,991,3981,2046
6065042004,Census Tract 420.04,"Census Tract 420.04, Riverside County, California",0,6,65,,42004,3344,1545.828201,1044,1018,26,1902,144,62,158,22,512,544,2189,1155
6065042005,Census Tract 420.05,"Census Tract 420.05, Riverside County, California",0,6,65,,42005,5452,1439.171271,1605,1564,41,2712,321,74,846,8,677,814,3839,1613
6065042007,Census Tract 420.07,"Census Tract 420.07, Riverside County, California",0,6,65,,42007,5559,107.5144405,2158,1970,188,3313,213,65,315,12,753,888,3712,1847
6065042008,Census Tract 420.08,"Census Tract 420.08, Riverside County, California",0,6,65,,42008,8742,516.6671967,2657,2569,88,4337,534,94,651,34,1555,1537,5300,3442
6065042009,Census Tract 420.09,"Census Tract 420.09, Riverside County, California",0,6,65,,42009,7514,1645.188483,1895,1828,67,2481,487,197,336,12,2712,1289,2770,4744
6065042010,Census Tract 420.10,"Census Tract 420.10, Riverside County, California",0,6,65,,42010,6434,1518.661105,1532,1483,49,1637,202,210,70,18,3279,1018,1209,5225
6065042012,Census Tract 420.12,"Census Tract 420.12, Riverside County, California",0,6,65,,42012,6332,6135.639669,2061,1983,78,2822,589,76,867,26,839,1113,4148,2184
6065042015,Census Tract 420.15,"Census Tract 420.15, Riverside County, California",0,6,65,,42015,5521,7767.593343,1581,1569,12,2802,447,57,629,13,641,932,3775,1746
6065042016,Census Tract 420.16,"Census Tract 420.16, Riverside County, California",0,6,65,,42016,2621,5997.212299,768,754,14,1291,203,20,234,15,396,462,1621,1000
6065042017,Census Tract 420.17,"Census Tract 420.17, Riverside County, California",0,6,65,,42017,3978,7012.268791,1106,1101,5,1946,280,46,419,14,524,749,2565,1413
6065042018,Census Tract 420.18,"Census Tract 420.18, Riverside County, California",0,6,65,,42018,6017,6464.315214,1721,1706,15,2882,521,45,911,15,589,1054,4222,1795
6065042206,Census Tract 422.06,"Census Tract 422.06, Riverside County, California",0,6,65,,42206,6400,5922.354204,2815,2670,145,2836,748,60,890,11,900,955,4356,2044
6065042207,Census Tract 422.07,"Census Tract 422.07, Riverside County, California",0,6,65,,42207,3097,3223.183878,1263,1219,44,1891,178,32,276,18,267,435,2358,739
6065042208,Census Tract 422.08,"Census Tract 422.08, Riverside County, California",0,6,65,,42208,2562,3463.304411,937,917,20,1638,97,27,147,0,249,404,1836,726
6065042209,Census Tract 422.09,"Census Tract 422.09, Riverside County, California",0,6,65,,42209,4627,2153.766305,1778,1686,92,1311,542,95,463,17,1582,617,2055,2572
6065042210,Census Tract 422.10,"Census Tract 422.10, Riverside County, California",0,6,65,,42210,4995,9602.060143,2136,1997,139,1614,600,107,607,12,1422,633,2565,2430
6065042212,Census Tract 422.12,"Census Tract 422.12, Riverside County, California",0,6,65,,42212,7124,4812.624909,2398,2180,218,2126,1127,150,554,26,1911,1230,3401,3723
6065042213,Census Tract 422.13,"Census Tract 422.13, Riverside County, California",0,6,65,,42213,5520,5046.5799,1666,1550,116,2486,426,115,1017,8,769,699,3774,1746
6065042214,Census Tract 422.14,"Census Tract 422.14, Riverside County, California",0,6,65,,42214,6843,659.8363152,2068,2014,54,2443,803,108,619,17,1643,1210,3596,3247
6065042217,Census Tract 422.17,"Census Tract 422.17, Riverside County, California",0,6,65,,42217,5488,2822.376337,2178,2096,82,3174,392,45,513,28,552,784,4046,1442
6065042300,Census Tract 423,"Census Tract 423, Riverside County, California",0,6,65,,42300,10335,2674.584847,3054,2964,90,3331,703,291,821,33,3573,1583,3823,6512
6065042401,Census Tract 424.01,"Census Tract 424.01, Riverside County, California",0,6,65,,42401,2075,254.5169105,637,637,0,927,181,28,73,7,451,408,1038,1037
6065042402,Census Tract 424.02,"Census Tract 424.02, Riverside County, California",0,6,65,,42402,5127,4478.628234,1366,1340,26,1390,545,84,287,14,1749,1058,1960,3167
6065042403,Census Tract 424.03,"Census Tract 424.03, Riverside County, California",0,6,65,,42403,4541,5956.778782,1209,1190,19,1176,581,103,257,37,1564,823,1829,2712
6065042404,Census Tract 424.04,"Census Tract 424.04, Riverside County, California",0,6,65,,42404,2515,6392.48408,683,671,12,530,420,71,76,22,995,401,808,1707
6065042405,Census Tract 424.05,"Census Tract 424.05, Riverside County, California",0,6,65,,42405,5668,14519.66773,1980,1874,106,1023,1525,105,174,31,1892,918,2519,3149
6065042406,Census Tract 424.06,"Census Tract 424.06, Riverside County, California",0,6,65,,42406,4267,11223.29624,1308,1285,23,1092,517,59,174,22,1598,805,1539,2728
6065042407,Census Tract 424.07,"Census Tract 424.07, Riverside County, California",0,6,65,,42407,3313,6619.671667,917,902,15,1028,258,63,76,21,1235,632,1146,2167
6065042408,Census Tract 424.08,"Census Tract 424.08, Riverside County, California",0,6,65,,42408,3370,6430.599815,913,893,20,947,351,76,113,31,1262,590,1219,2151
6065042409,Census Tract 424.09,"Census Tract 424.09, Riverside County, California",0,6,65,,42409,3385,5627.026192,980,951,29,915,371,111,126,13,1189,660,1167,2218
6065042410,Census Tract 424.10,"Census Tract 424.10, Riverside County, California",0,6,65,,42410,5852,6702.11406,1603,1570,33,1497,1172,74,406,31,1598,1074,2869,2983
6065042411,Census Tract 424.11,"Census Tract 424.11, Riverside County, California",0,6,65,,42411,2683,5185.201787,801,786,15,826,428,48,116,14,662,589,1355,1328
6065042412,Census Tract 424.12,"Census Tract 424.12, Riverside County, California",0,6,65,,42412,5566,281.2166592,1750,1681,69,2354,631,53,322,13,1292,901,3098,2468
6065042505,Census Tract 425.05,"Census Tract 425.05, Riverside County, California",0,6,65,,42505,3949,2836.927094,1090,1054,36,799,297,88,88,38,1912,727,770,3179
6065042507,Census Tract 425.07,"Census Tract 425.07, Riverside County, California",0,6,65,,42507,5714,2857.989818,1317,1291,26,982,835,119,355,56,2439,928,1890,3824
6065042508,Census Tract 425.08,"Census Tract 425.08, Riverside County, California",0,6,65,,42508,4968,10078.37423,1260,1234,26,901,464,114,150,20,2281,1038,1028,3940
6065042509,Census Tract 425.09,"Census Tract 425.09, Riverside County, California",0,6,65,,42509,3460,6924.989224,869,845,24,818,278,88,125,7,1574,570,913,2547
6065042510,Census Tract 425.10,"Census Tract 425.10, Riverside County, California",0,6,65,,42510,5133,10409.45827,1225,1225,0,974,563,94,186,31,2356,929,1345,3788
6065042511,Census Tract 425.11,"Census Tract 425.11, Riverside County, California",0,6,65,,42511,4430,7115.837064,1141,1115,26,893,574,78,166,27,1937,755,1273,3157
6065042512,Census Tract 425.12,"Census Tract 425.12, Riverside County, California",0,6,65,,42512,3260,5266.163387,953,936,17,494,475,58,59,15,1546,613,827,2433
6065042513,Census Tract 425.13,"Census Tract 425.13, Riverside County, California",0,6,65,,42513,3387,7597.805401,849,836,13,763,381,34,136,6,1336,731,1044,2343
6065042514,Census Tract 425.14,"Census Tract 425.14, Riverside County, California",0,6,65,,42514,3311,8735.252986,907,898,9,695,493,46,203,35,1183,656,1059,2252
6065042515,Census Tract 425.15,"Census Tract 425.15, Riverside County, California",0,6,65,,42515,3794,7255.173669,1106,1067,39,643,455,71,106,47,1621,851,913,2881
6065042516,Census Tract 425.16,"Census Tract 425.16, Riverside County, California",0,6,65,,42516,3740,9954.019627,990,973,17,706,429,57,126,15,1792,615,1014,2726
6065042517,Census Tract 425.17,"Census Tract 425.17, Riverside County, California",0,6,65,,42517,3361,9226.945665,883,870,13,649,443,109,141,28,1457,534,974,2387
6065042518,Census Tract 425.18,"Census Tract 425.18, Riverside County, California",0,6,65,,42518,3816,9915.291701,1024,992,32,784,752,75,187,22,1384,612,1445,2371
6065042519,Census Tract 425.19,"Census Tract 425.19, Riverside County, California",0,6,65,,42519,1887,5131.456946,557,527,30,352,299,40,70,7,875,244,601,1286
6065042520,Census Tract 425.20,"Census Tract 425.20, Riverside County, California",0,6,65,,42520,4866,8473.590702,1389,1365,24,984,439,95,225,36,2426,661,1146,3720
6065042521,Census Tract 425.21,"Census Tract 425.21, Riverside County, California",0,6,65,,42521,5127,8199.98078,1260,1239,21,1050,526,73,125,35,2402,916,1260,3867
6065042522,Census Tract 425.22,"Census Tract 425.22, Riverside County, California",0,6,65,,42522,4703,11963.36318,1410,1363,47,857,945,81,672,18,1444,686,2320,2383
6065042523,Census Tract 425.23,"Census Tract 425.23, Riverside County, California",0,6,65,,42523,5160,6539.512837,1603,1532,71,1035,1235,75,399,26,1557,833,2383,2777
6065042621,Census Tract 426.21,"Census Tract 426.21, Riverside County, California",0,6,65,,42621,8004,7895.408668,2017,1978,39,1561,1381,114,788,40,2696,1424,3328,4676
6065042622,Census Tract 426.22,"Census Tract 426.22, Riverside County, California",0,6,65,,42622,5482,2844.142367,1660,1576,84,1109,1158,126,820,20,1352,897,2881,2601
6065042623,Census Tract 426.23,"Census Tract 426.23, Riverside County, California",0,6,65,,42623,3962,273.8584113,1319,1278,41,1100,860,54,305,11,826,806,2191,1771
6065042624,Census Tract 426.24,"Census Tract 426.24, Riverside County, California",0,6,65,,42624,4571,237.1074631,1250,1223,27,1429,575,69,361,27,1220,890,2199,2372
6065042625,Census Tract 426.25,"Census Tract 426.25, Riverside County, California",0,6,65,,42625,6046,864.2003947,1565,1525,40,1328,730,159,422,21,2404,982,2114,3932
6065042626,Census Tract 426.26,"Census Tract 426.26, Riverside County, California",0,6,65,,42626,9775,1497.119711,2234,2186,48,1919,1353,194,674,22,4046,1567,3076,6699
6065042627,Census Tract 426.27,"Census Tract 426.27, Riverside County, California",0,6,65,,42627,5637,12614.80947,1321,1307,14,966,513,171,171,18,2765,1033,1075,4562
6065042628,Census Tract 426.28,"Census Tract 426.28, Riverside County, California",0,6,65,,42628,5759,12808.91736,1486,1467,19,1289,471,83,136,38,2831,911,1055,4704
6065042629,Census Tract 426.29,"Census Tract 426.29, Riverside County, California",0,6,65,,42629,5176,11508.64656,1263,1237,26,1017,712,181,252,14,2204,796,1556,3620
6065042630,Census Tract 426.30,"Census Tract 426.30, Riverside County, California",0,6,65,,42630,6727,10374.84415,1609,1582,27,1211,991,137,309,26,2839,1214,2129,4598
6065042631,Census Tract 426.31,"Census Tract 426.31, Riverside County, California",0,6,65,,42631,5190,10266.08164,1258,1246,12,777,380,118,108,9,2662,1136,869,4321
6065042632,Census Tract 426.32,"Census Tract 426.32, Riverside County, California",0,6,65,,42632,3245,4012.795408,713,702,11,532,112,75,66,7,1719,734,387,2858
6065042708,Census Tract 427.08,"Census Tract 427.08, Riverside County, California",0,6,65,,42708,5364,5315.521806,1621,1599,22,2711,249,101,288,34,1006,975,3026,2338
6065042709,Census Tract 427.09,"Census Tract 427.09, Riverside County, California",0,6,65,,42709,5288,2421.689295,2397,2242,155,2967,337,52,217,21,856,838,3361,1927
6065042711,Census Tract 427.11,"Census Tract 427.11, Riverside County, California",0,6,65,,42711,5114,2881.324,3096,2898,198,3513,369,49,174,22,480,507,4019,1095
6065042714,Census Tract 427.14,"Census Tract 427.14, Riverside County, California",0,6,65,,42714,3376,3907.719347,1393,1292,101,2670,89,31,82,5,127,372,2871,505
6065042716,Census Tract 427.16,"Census Tract 427.16, Riverside County, California",0,6,65,,42716,5222,5011.485668,2113,1947,166,4081,57,42,135,6,281,620,4290,932
6065042717,Census Tract 427.17,"Census Tract 427.17, Riverside County, California",0,6,65,,42717,5463,2187.58693,1664,1589,75,2705,143,98,132,20,1517,848,2674,2789
6065042719,Census Tract 427.19,"Census Tract 427.19, Riverside County, California",0,6,65,,42719,5438,516.8171698,1618,1546,72,1869,190,129,76,16,2172,986,1752,3686
6065042720,Census Tract 427.20,"Census Tract 427.20, Riverside County, California",0,6,65,,42720,4936,358.2206618,1519,1420,99,1935,90,69,75,13,1914,840,1771,3165
6065042723,Census Tract 427.23,"Census Tract 427.23, Riverside County, California",0,6,65,,42723,7675,563.2521789,2525,2375,150,3125,359,150,267,21,2541,1212,3247,4428
6065042724,Census Tract 427.24,"Census Tract 427.24, Riverside County, California",0,6,65,,42724,4581,6444.134934,1282,1260,22,2101,401,44,459,32,700,844,2771,1810
6065042726,Census Tract 427.26,"Census Tract 427.26, Riverside County, California",0,6,65,,42726,10185,1576.914683,2935,2858,77,4647,1069,105,717,35,1737,1875,6131,4054
6065042728,Census Tract 427.28,"Census Tract 427.28, Riverside County, California",0,6,65,,42728,2370,684.0085541,772,732,40,1192,132,78,75,12,489,392,1260,1110
6065042730,Census Tract 427.30,"Census Tract 427.30, Riverside County, California",0,6,65,,42730,6028,925.7622281,1630,1553,77,2012,176,96,179,14,2492,1059,1931,4097
6065042731,Census Tract 427.31,"Census Tract 427.31, Riverside County, California",0,6,65,,42731,7691,968.4042829,2215,2151,64,2584,570,116,387,46,2472,1516,3053,4638
6065042732,Census Tract 427.32,"Census Tract 427.32, Riverside County, California",0,6,65,,42732,6259,1998.99363,1900,1823,77,3145,247,62,330,15,1312,1148,3485,2774
6065042733,Census Tract 427.33,"Census Tract 427.33, Riverside County, California",0,6,65,,42733,14643,2326.404168,4229,4084,145,7344,1147,146,1336,86,2036,2548,9427,5216
6065042737,Census Tract 427.37,"Census Tract 427.37, Riverside County, California",0,6,65,,42737,3471,125.5898137,1003,962,41,1620,325,26,311,33,565,591,2152,1319
6065042738,Census Tract 427.38,"Census Tract 427.38, Riverside County, California",0,6,65,,42738,8924,4630.699488,3093,2815,278,4760,595,91,828,60,1040,1550,5959,2965
6065042739,Census Tract 427.39,"Census Tract 427.39, Riverside County, California",0,6,65,,42739,9259,2399.122864,2662,2484,178,4330,781,121,1029,62,1327,1609,5975,3284
6065042740,Census Tract 427.40,"Census Tract 427.40, Riverside County, California",0,6,65,,42740,2384,4873.059126,1455,1384,71,1833,165,20,65,5,117,179,2022,362
6065042741,Census Tract 427.41,"Census Tract 427.41, Riverside County, California",0,6,65,,42741,2479,3555.018492,1609,1521,88,1715,223,28,104,9,172,228,2017,462
6065042742,Census Tract 427.42,"Census Tract 427.42, Riverside County, California",0,6,65,,42742,6035,2984.519752,1936,1804,132,3112,412,94,452,37,957,971,3702,2333
6065042743,Census Tract 427.43,"Census Tract 427.43, Riverside County, California",0,6,65,,42743,4180,1033.169062,1293,1222,71,2152,281,59,300,12,627,749,2644,1536
6065042744,Census Tract 427.44,"Census Tract 427.44, Riverside County, California",0,6,65,,42744,3597,254.3458131,1053,994,59,1446,44,64,32,10,1473,528,1312,2285
6065042745,Census Tract 427.45,"Census Tract 427.45, Riverside County, California",0,6,65,,42745,6212,420.8450908,2496,2367,129,3376,324,83,283,18,1104,1024,3781,2431
6065042746,Census Tract 427.46,"Census Tract 427.46, Riverside County, California",0,6,65,,42746,4435,13303.84939,1001,981,20,661,415,109,67,10,2489,684,740,3695
6065042747,Census Tract 427.47,"Census Tract 427.47, Riverside County, California",0,6,65,,42747,4310,2971.97031,1057,1034,23,600,576,75,170,26,2081,782,1015,3295
6065042748,Census Tract 427.48,"Census Tract 427.48, Riverside County, California",0,6,65,,42748,6271,2666.863498,2038,1904,134,3127,610,64,616,8,824,1022,4250,2021
6065042749,Census Tract 427.49,"Census Tract 427.49, Riverside County, California",0,6,65,,42749,5614,4409.119853,1658,1587,71,1823,538,99,676,33,1374,1071,2789,2825
6065042750,Census Tract 427.50,"Census Tract 427.50, Riverside County, California",0,6,65,,42750,4325,756.9108731,1257,1209,48,1628,375,26,601,23,833,839,2571,1754
6065042751,Census Tract 427.51,"Census Tract 427.51, Riverside County, California",0,6,65,,42751,5369,6349.52287,2174,2111,63,2684,509,46,306,36,844,944,3381,1988
6065042752,Census Tract 427.52,"Census Tract 427.52, Riverside County, California",0,6,65,,42752,5409,1965.374312,2481,2382,99,3369,305,53,353,21,557,751,3905,1504
6065042801,Census Tract 428.01,"Census Tract 428.01, Riverside County, California",0,6,65,,42801,4345,4866.747852,1272,1222,50,835,573,60,49,4,2052,772,1021,3324
6065042802,Census Tract 428.02,"Census Tract 428.02, Riverside County, California",0,6,65,,42802,6222,5104.53682,1591,1537,54,1035,579,135,73,22,2896,1482,1141,5081
6065042902,Census Tract 429.02,"Census Tract 429.02, Riverside County, California",0,6,65,,42902,4993,297.9610402,1505,1368,137,1345,164,134,72,5,2278,995,1261,3732
6065042903,Census Tract 429.03,"Census Tract 429.03, Riverside County, California",0,6,65,,42903,5673,329.1262152,1537,1433,104,1400,234,123,50,3,2771,1092,1204,4469
6065042905,Census Tract 429.05,"Census Tract 429.05, Riverside County, California",0,6,65,,42905,3670,761.6443479,902,884,18,784,154,62,49,3,1946,672,716,2954
6065042906,Census Tract 429.06,"Census Tract 429.06, Riverside County, California",0,6,65,,42906,6396,1463.196903,1452,1397,55,1146,368,195,68,9,3547,1063,920,5476
6065042907,Census Tract 429.07,"Census Tract 429.07, Riverside County, California",0,6,65,,42907,3461,394.0988618,963,903,60,872,94,82,35,4,1603,771,681,2780
6065042908,Census Tract 429.08,"Census Tract 429.08, Riverside County, California",0,6,65,,42908,4371,2122.495598,1073,1053,20,937,226,77,87,12,2044,988,876,3495
6065043001,Census Tract 430.01,"Census Tract 430.01, Riverside County, California",0,6,65,,43001,9758,1795.934857,3380,3238,142,3585,609,159,655,83,2861,1806,4537,5221
6065043003,Census Tract 430.03,"Census Tract 430.03, Riverside County, California",0,6,65,,43003,6647,9850.708741,2045,1931,114,2126,326,145,156,33,2665,1196,2094,4553
6065043005,Census Tract 430.05,"Census Tract 430.05, Riverside County, California",0,6,65,,43005,5744,1008.445946,1733,1653,80,2289,266,116,173,11,1750,1139,2255,3489
6065043006,Census Tract 430.06,"Census Tract 430.06, Riverside County, California",0,6,65,,43006,5079,1797.268421,1562,1476,86,1624,267,134,134,21,1993,906,1611,3468
6065043007,Census Tract 430.07,"Census Tract 430.07, Riverside County, California",0,6,65,,43007,6918,1082.656539,2074,2039,35,3273,537,87,410,10,1296,1305,3958,2960
6065043008,Census Tract 430.08,"Census Tract 430.08, Riverside County, California",0,6,65,,43008,6146,525.3644647,1925,1860,65,2880,223,92,326,22,1413,1190,3099,3047
6065043009,Census Tract 430.09,"Census Tract 430.09, Riverside County, California",0,6,65,,43009,6064,3742.834824,1693,1668,25,2503,325,74,414,20,1586,1142,2863,3201
6065043010,Census Tract 430.10,"Census Tract 430.10, Riverside County, California",0,6,65,,43010,6039,6490.570369,1667,1651,16,2630,224,89,195,5,1626,1270,2698,3341
6065043201,Census Tract 432.01,"Census Tract 432.01, Riverside County, California",0,6,65,,43201,4040,3876.968958,1190,1165,25,2049,267,32,624,6,374,688,2923,1117
6065043202,Census Tract 432.02,"Census Tract 432.02, Riverside County, California",0,6,65,,43202,5630,5169.970317,1689,1647,42,3226,238,85,892,36,281,872,4579,1051
6065043203,Census Tract 432.03,"Census Tract 432.03, Riverside County, California",0,6,65,,43203,3482,99.94538248,1162,1100,62,1988,67,478,274,16,165,494,2749,733
6065043204,Census Tract 432.04,"Census Tract 432.04, Riverside County, California",0,6,65,,43204,7450,3695.402401,1949,1932,17,3684,662,100,805,32,800,1367,5233,2217
6065043205,Census Tract 432.05,"Census Tract 432.05, Riverside County, California",0,6,65,,43205,4667,6665.667065,1404,1377,27,2254,309,53,549,39,523,940,3047,1620
6065043206,Census Tract 432.06,"Census Tract 432.06, Riverside County, California",0,6,65,,43206,7819,3956.652363,2879,2778,101,4063,492,114,668,23,971,1488,5113,2706
6065043207,Census Tract 432.07,"Census Tract 432.07, Riverside County, California",0,6,65,,43207,4504,5618.836578,1750,1596,154,2089,320,55,716,59,519,746,3195,1309
6065043208,Census Tract 432.08,"Census Tract 432.08, Riverside County, California",0,6,65,,43208,5039,7368.67189,1407,1382,25,2426,297,107,1021,36,393,759,3871,1168
6065043209,Census Tract 432.09,"Census Tract 432.09, Riverside County, California",0,6,65,,43209,4105,4765.28585,1540,1469,71,2202,332,41,567,18,308,637,3139,966
6065043210,Census Tract 432.10,"Census Tract 432.10, Riverside County, California",0,6,65,,43210,4898,3233.505834,1988,1895,93,2999,191,61,296,8,531,812,3476,1422
6065043211,Census Tract 432.11,"Census Tract 432.11, Riverside County, California",0,6,65,,43211,5517,5575.125799,1700,1667,33,2973,270,46,438,38,751,1001,3562,1955
6065043216,Census Tract 432.16,"Census Tract 432.16, Riverside County, California",0,6,65,,43216,7142,3617.833703,2673,2553,120,3551,458,105,618,28,1080,1302,4503,2639
6065043217,Census Tract 432.17,"Census Tract 432.17, Riverside County, California",0,6,65,,43217,3277,2604.939574,1111,1084,27,1876,162,52,310,15,318,544,2311,966
6065043218,Census Tract 432.18,"Census Tract 432.18, Riverside County, California",0,6,65,,43218,5680,2952.008142,1842,1785,57,3586,157,83,342,4,647,861,4060,1620
6065043220,Census Tract 432.20,"Census Tract 432.20, Riverside County, California",0,6,65,,43220,4742,6904.596195,1951,1800,151,2239,294,65,530,19,866,729,2994,1748
6065043222,Census Tract 432.22,"Census Tract 432.22, Riverside County, California",0,6,65,,43222,4775,1414.392093,1675,1628,47,3020,156,46,454,13,360,726,3628,1147
6065043227,Census Tract 432.27,"Census Tract 432.27, Riverside County, California",0,6,65,,43227,8221,4736.116453,2537,2448,89,4034,597,106,818,76,1033,1557,5478,2743
6065043228,Census Tract 432.28,"Census Tract 432.28, Riverside County, California",0,6,65,,43228,4503,7211.837003,1611,1502,109,2319,333,55,353,35,600,808,2952,1551
6065043229,Census Tract 432.29,"Census Tract 432.29, Riverside County, California",0,6,65,,43229,5186,4688.474519,2531,2446,85,3711,149,22,286,21,310,687,4130,1056
6065043235,Census Tract 432.35,"Census Tract 432.35, Riverside County, California",0,6,65,,43235,11292,1934.12414,3155,3081,74,5134,1087,89,1872,73,991,2046,8220,3072
6065043246,Census Tract 432.46,"Census Tract 432.46, Riverside County, California",0,6,65,,43246,5451,1084.952909,1803,1700,103,3672,140,59,422,10,298,850,4337,1114
6065043248,Census Tract 432.48,"Census Tract 432.48, Riverside County, California",0,6,65,,43248,4284,5391.733698,1350,1329,21,2486,224,46,609,25,262,632,3345,939
6065043252,Census Tract 432.52,"Census Tract 432.52, Riverside County, California",0,6,65,,43252,9821,5644.028845,2820,2767,53,4849,494,285,1832,64,630,1667,7670,2151
6065043254,Census Tract 432.54,"Census Tract 432.54, Riverside County, California",0,6,65,,43254,5069,248.5929888,1662,1612,50,2772,142,135,385,28,725,882,3309,1760
6065043256,Census Tract 432.56,"Census Tract 432.56, Riverside County, California",0,6,65,,43256,3585,4805.376463,1077,1064,13,1667,243,89,470,23,484,609,2366,1219
6065043262,Census Tract 432.62,"Census Tract 432.62, Riverside County, California",0,6,65,,43262,5061,3694.224676,1807,1761,46,3425,160,58,292,13,410,703,3833,1228
6065043264,Census Tract 432.64,"Census Tract 432.64, Riverside County, California",0,6,65,,43264,7314,7063.561494,2313,2280,33,4491,186,73,633,27,684,1220,5368,1946
6065043265,Census Tract 432.65,"Census Tract 432.65, Riverside County, California",0,6,65,,43265,7944,4592.968698,2531,2466,65,4985,247,93,761,20,568,1270,6131,1813
6065043266,Census Tract 432.66,"Census Tract 432.66, Riverside County, California",0,6,65,,43266,4823,11921.23596,1784,1653,131,2057,346,96,616,35,883,790,3002,1821
6065043267,Census Tract 432.67,"Census Tract 432.67, Riverside County, California",0,6,65,,43267,6676,3266.590611,2470,2409,61,4667,195,48,437,20,363,946,5404,1272
6065043270,Census Tract 432.70,"Census Tract 432.70, Riverside County, California",0,6,65,,43270,6018,5034.138237,1915,1843,72,3129,293,102,480,59,866,1089,3934,2084
6065043271,Census Tract 432.71,"Census Tract 432.71, Riverside County, California",0,6,65,,43271,4543,2927.619251,1397,1342,55,2475,81,109,209,5,1015,649,2488,2055
6065043272,Census Tract 432.72,"Census Tract 432.72, Riverside County, California",0,6,65,,43272,5311,216.3650813,2089,1909,180,3692,145,42,270,10,385,767,4177,1134
6065043274,Census Tract 432.74,"Census Tract 432.74, Riverside County, California",0,6,65,,43274,2229,684.0674483,669,636,33,1070,113,50,144,3,446,403,1260,969
6065043276,Census Tract 432.76,"Census Tract 432.76, Riverside County, California",0,6,65,,43276,4092,1337.775181,1190,1177,13,2149,257,39,520,49,423,655,2943,1149
6065043278,Census Tract 432.78,"Census Tract 432.78, Riverside County, California",0,6,65,,43278,6510,1748.780154,2203,2118,85,3884,400,55,629,18,458,1066,4956,1554
6065043279,Census Tract 432.79,"Census Tract 432.79, Riverside County, California",0,6,65,,43279,5302,683.2863794,1857,1780,77,3379,122,87,175,20,758,761,3531,1771
6065043292,Census Tract 432.92,"Census Tract 432.92, Riverside County, California",0,6,65,,43292,3656,86.52605178,1414,1241,173,2612,54,54,164,12,303,457,2853,803
6065043293,Census Tract 432.93,"Census Tract 432.93, Riverside County, California",0,6,65,,43293,3086,49.71934163,1210,1085,125,2210,46,42,117,5,258,408,2330,756
6065043294,Census Tract 432.94,"Census Tract 432.94, Riverside County, California",0,6,65,,43294,4338,3618.698588,1227,1208,19,2614,172,63,358,28,375,728,3116,1222
6065043295,Census Tract 432.95,"Census Tract 432.95, Riverside County, California",0,6,65,,43295,4889,3995.858281,1425,1398,27,2454,328,42,540,35,545,945,3246,1643
6065043296,Census Tract 432.96,"Census Tract 432.96, Riverside County, California",0,6,65,,43296,3303,1286.217503,940,886,54,1690,211,23,518,22,360,479,2438,865
6065043297,Census Tract 432.97,"Census Tract 432.97, Riverside County, California",0,6,65,,43297,8903,695.3304516,2498,2434,64,4228,671,98,1513,19,885,1489,6348,2555
6065043298,Census Tract 432.98,"Census Tract 432.98, Riverside County, California",0,6,65,,43298,4864,6229.309915,1790,1753,37,2732,306,48,550,34,389,805,3562,1302
6065043304,Census Tract 433.04,"Census Tract 433.04, Riverside County, California",0,6,65,,43304,7744,186.3513071,2900,2718,182,4877,280,143,326,36,1163,919,5165,2579
6065043306,Census Tract 433.06,"Census Tract 433.06, Riverside County, California",0,6,65,,43306,5172,6954.485976,1862,1795,67,2334,383,99,209,19,1164,964,2655,2517
6065043307,Census Tract 433.07,"Census Tract 433.07, Riverside County, California",0,6,65,,43307,6770,4807.36871,2739,2571,168,3199,586,94,252,16,1618,1005,3697,3073
6065043308,Census Tract 433.08,"Census Tract 433.08, Riverside County, California",0,6,65,,43308,3230,8609.003328,1073,1026,47,1091,348,105,85,4,1157,440,1329,1901
6065043309,Census Tract 433.09,"Census Tract 433.09, Riverside County, California",0,6,65,,43309,3329,7086.520312,1165,1056,109,1321,317,68,77,14,1029,503,1442,1887
6065043310,Census Tract 433.10,"Census Tract 433.10, Riverside County, California",0,6,65,,43310,3634,5631.105998,1151,1099,52,1494,411,55,60,9,1135,470,1657,1977
6065043311,Census Tract 433.11,"Census Tract 433.11, Riverside County, California",0,6,65,,43311,2483,5032.979749,748,719,29,1228,137,44,57,8,683,326,1237,1246
6065043312,Census Tract 433.12,"Census Tract 433.12, Riverside County, California",0,6,65,,43312,4391,7795.911905,1291,1246,45,1739,227,87,87,29,1451,771,1706,2685
6065043313,Census Tract 433.13,"Census Tract 433.13, Riverside County, California",0,6,65,,43313,3802,6874.383046,1092,1061,31,1568,214,92,73,19,1280,556,1535,2267
6065043314,Census Tract 433.14,"Census Tract 433.14, Riverside County, California",0,6,65,,43314,4126,5492.494406,1208,1164,44,1990,160,135,88,4,1119,630,2047,2079
6065043315,Census Tract 433.15,"Census Tract 433.15, Riverside County, California",0,6,65,,43315,2350,3482.650638,733,691,42,1285,123,80,50,6,487,319,1381,969
6065043316,Census Tract 433.16,"Census Tract 433.16, Riverside County, California",0,6,65,,43316,4014,2055.245728,1876,1759,117,2454,449,35,266,4,328,478,3108,906
6065043318,Census Tract 433.18,"Census Tract 433.18, Riverside County, California",0,6,65,,43318,4406,6288.613102,1687,1559,128,2150,365,94,224,10,921,642,2694,1712
6065043319,Census Tract 433.19,"Census Tract 433.19, Riverside County, California",0,6,65,,43319,4968,510.7574081,1287,1260,27,1965,577,125,307,39,1170,785,2607,2361
6065043401,Census Tract 434.01,"Census Tract 434.01, Riverside County, California",0,6,65,,43401,6548,5228.83059,2189,2005,184,2401,737,152,128,20,2066,1044,2732,3816
6065043403,Census Tract 434.03,"Census Tract 434.03, Riverside County, California",0,6,65,,43403,3081,8210.146149,1083,1033,50,1186,363,84,78,10,911,449,1380,1701
6065043404,Census Tract 434.04,"Census Tract 434.04, Riverside County, California",0,6,65,,43404,2855,6237.776106,1587,1449,138,1590,234,62,70,5,512,382,1803,1052
6065043405,Census Tract 434.05,"Census Tract 434.05, Riverside County, California",0,6,65,,43405,5108,7675.503318,2331,2186,145,2034,809,103,88,26,1215,833,2834,2274
6065043503,Census Tract 435.03,"Census Tract 435.03, Riverside County, California",0,6,65,,43503,4898,4692.908094,2475,2206,269,2521,670,83,150,49,751,674,3124,1774
6065043505,Census Tract 435.05,"Census Tract 435.05, Riverside County, California",0,6,65,,43505,3244,6484.675024,1848,1738,110,1790,389,52,82,3,564,364,2146,1098
6065043506,Census Tract 435.06,"Census Tract 435.06, Riverside County, California",0,6,65,,43506,7253,3853.73608,2451,2348,103,3224,498,115,275,30,1852,1259,3718,3535
6065043509,Census Tract 435.09,"Census Tract 435.09, Riverside County, California",0,6,65,,43509,6058,1937.603493,2027,1897,130,2387,292,168,152,47,1784,1228,2421,3637
6065043512,Census Tract 435.12,"Census Tract 435.12, Riverside County, California",0,6,65,,43512,7733,6468.119631,2262,2198,64,2529,735,214,249,32,2555,1419,2944,4789
6065043513,Census Tract 435.13,"Census Tract 435.13, Riverside County, California",0,6,65,,43513,2943,2920.040931,1011,968,43,1170,291,73,68,17,785,539,1396,1547
6065043517,Census Tract 435.17,"Census Tract 435.17, Riverside County, California",0,6,65,,43517,8501,553.8517651,2078,2008,70,2665,832,254,500,51,2725,1474,3332,5169
6065043518,Census Tract 435.18,"Census Tract 435.18, Riverside County, California",0,6,65,,43518,4781,3808.149927,1393,1347,46,1772,480,122,234,25,1205,943,2224,2557
6065043519,Census Tract 435.19,"Census Tract 435.19, Riverside County, California",0,6,65,,43519,986,629.5360678,668,609,59,787,30,6,19,3,62,79,839,147
6065043520,Census Tract 435.20,"Census Tract 435.20, Riverside County, California",0,6,65,,43520,2443,1028.971741,1365,843,522,1295,154,42,94,6,467,385,1402,1041
6065043521,Census Tract 435.21,"Census Tract 435.21, Riverside County, California",0,6,65,,43521,5087,5820.778875,1903,1744,159,1634,553,151,82,11,1825,831,1991,3096
6065043522,Census Tract 435.22,"Census Tract 435.22, Riverside County, California",0,6,65,,43522,3215,3192.280472,1041,982,59,1009,437,117,77,4,1091,480,1310,1905
6065043523,Census Tract 435.23,"Census Tract 435.23, Riverside County, California",0,6,65,,43523,3895,2160.61338,1410,1343,67,1460,354,66,93,14,1205,703,1716,2179
6065043524,Census Tract 435.24,"Census Tract 435.24, Riverside County, California",0,6,65,,43524,4357,5693.912718,1463,1412,51,2053,261,138,106,41,1081,677,2306,2051
6065043601,Census Tract 436.01,"Census Tract 436.01, Riverside County, California",0,6,65,,43601,5022,10398.20713,1488,1403,85,1297,482,189,67,30,2133,824,1495,3527
6065043602,Census Tract 436.02,"Census Tract 436.02, Riverside County, California",0,6,65,,43602,4412,5991.50121,1290,1237,53,1169,373,135,36,26,1801,872,1198,3214
6065043701,Census Tract 437.01,"Census Tract 437.01, Riverside County, California",0,6,65,,43701,3776,488.0810739,1617,1477,140,2208,113,90,43,14,698,610,2216,1560
6065043702,Census Tract 437.02,"Census Tract 437.02, Riverside County, California",0,6,65,,43702,4719,4557.319967,1797,1689,108,2568,294,95,105,36,850,771,2856,1863
6065043703,Census Tract 437.03,"Census Tract 437.03, Riverside County, California",0,6,65,,43703,2996,6321.747798,1034,973,61,1467,100,68,43,7,708,603,1493,1503
6065043802,Census Tract 438.02,"Census Tract 438.02, Riverside County, California",0,6,65,,43802,6950,2833.109565,2592,2463,129,4668,101,84,205,7,860,1025,4797,2153
6065043807,Census Tract 438.07,"Census Tract 438.07, Riverside County, California",0,6,65,,43807,6122,3090.619971,2032,1966,66,3272,298,89,207,16,1301,939,3320,2802
6065043809,Census Tract 438.09,"Census Tract 438.09, Riverside County, California",0,6,65,,43809,6853,794.3002418,2649,2526,123,3773,541,77,656,7,893,906,4662,2191
6065043810,Census Tract 438.10,"Census Tract 438.10, Riverside County, California",0,6,65,,43810,5298,3189.444667,2163,2101,62,3112,283,57,386,24,594,842,3686,1612
6065043812,Census Tract 438.12,"Census Tract 438.12, Riverside County, California",0,6,65,,43812,6969,354.8228046,4503,4237,266,5599,361,47,330,2,207,423,6224,745
6065043813,Census Tract 438.13,"Census Tract 438.13, Riverside County, California",0,6,65,,43813,4764,38.21420408,1747,1545,202,1688,197,949,117,10,1003,800,2767,1997
6065043818,Census Tract 438.18,"Census Tract 438.18, Riverside County, California",0,6,65,,43818,4257,6057.111811,1239,1214,25,1841,348,88,484,15,777,704,2556,1701
6065043820,Census Tract 438.20,"Census Tract 438.20, Riverside County, California",0,6,65,,43820,5520,3278.121533,1890,1826,64,2426,579,117,544,12,923,919,3317,2203
6065043821,Census Tract 438.21,"Census Tract 438.21, Riverside County, California",0,6,65,,43821,5622,7307.325303,1756,1719,37,2004,717,91,588,11,1291,920,3025,2597
6065043822,Census Tract 438.22,"Census Tract 438.22, Riverside County, California",0,6,65,,43822,3451,81.04278327,1073,1011,62,1772,138,72,175,14,629,651,1989,1462
6065043823,Census Tract 438.23,"Census Tract 438.23, Riverside County, California",0,6,65,,43823,11441,787.9950714,3293,3193,100,5041,1084,182,1352,17,1811,1954,7043,4398
6065043824,Census Tract 438.24,"Census Tract 438.24, Riverside County, California",0,6,65,,43824,5063,432.4787854,2267,2172,95,3752,100,71,136,12,422,570,3944,1119
6065043900,Census Tract 439,"Census Tract 439, Riverside County, California",0,6,65,,43900,6430,5622.690755,2062,1998,64,2961,210,167,187,3,1912,990,2891,3539
6065044000,Census Tract 440,"Census Tract 440, Riverside County, California",0,6,65,,44000,2026,2212.469315,703,646,57,698,145,61,73,6,757,286,751,1275
6065044101,Census Tract 441.01,"Census Tract 441.01, Riverside County, California",0,6,65,,44101,3030,4818.881171,1096,1028,68,1030,181,95,147,3,1106,468,1114,1916
6065044102,Census Tract 441.02,"Census Tract 441.02, Riverside County, California",0,6,65,,44102,2825,5640.069947,964,908,56,1113,173,78,128,0,836,497,1188,1637
6065044103,Census Tract 441.03,"Census Tract 441.03, Riverside County, California",0,6,65,,44103,6106,2055.559925,2356,2254,102,3094,392,151,467,11,1072,919,3686,2420
6065044104,Census Tract 441.04,"Census Tract 441.04, Riverside County, California",0,6,65,,44104,2755,165.4018114,945,892,53,1328,117,115,122,1,601,471,1434,1321
6065044200,Census Tract 442,"Census Tract 442, Riverside County, California",0,6,65,,44200,5969,3839.051661,1886,1742,144,1667,852,157,367,11,2094,821,2418,3551
6065044300,Census Tract 443,"Census Tract 443, Riverside County, California",0,6,65,,44300,5085,2437.823695,1354,1306,48,1726,544,120,346,2,1732,615,2287,2798
6065044403,Census Tract 444.03,"Census Tract 444.03, Riverside County, California",0,6,65,,44403,4219,10.26688029,1988,1635,353,2323,45,489,328,8,493,533,3137,1082
6065044404,Census Tract 444.04,"Census Tract 444.04, Riverside County, California",0,6,65,,44404,2071,43.61515131,1714,930,784,1542,23,28,59,0,182,237,1663,408
6065044405,Census Tract 444.05,"Census Tract 444.05, Riverside County, California",0,6,65,,44405,2368,18.80971221,2429,1092,1337,1890,27,30,32,3,107,279,2021,347
6065044406,Census Tract 444.06,"Census Tract 444.06, Riverside County, California",0,6,65,,44406,2927,45.15422766,1379,1120,259,2100,34,59,110,2,267,355,2291,636
6065044407,Census Tract 444.07,"Census Tract 444.07, Riverside County, California",0,6,65,,44407,3586,19.03506256,1841,1479,362,2428,55,57,191,3,487,365,2730,856
6065044505,Census Tract 445.05,"Census Tract 445.05, Riverside County, California",0,6,65,,44505,6864,1508.985846,3094,2399,695,2842,99,114,201,3,2466,1139,2553,4311
6065044507,Census Tract 445.07,"Census Tract 445.07, Riverside County, California",0,6,65,,44507,7840,1919.940878,2515,2300,215,2104,421,159,121,5,3677,1353,2127,5713
6065044509,Census Tract 445.09,"Census Tract 445.09, Riverside County, California",0,6,65,,44509,4580,5223.504443,1762,1630,132,1473,545,108,72,10,1574,798,1823,2757
6065044510,Census Tract 445.10,"Census Tract 445.10, Riverside County, California",0,6,65,,44510,7010,5523.553644,2336,2189,147,1922,692,194,145,18,2796,1243,2228,4782
6065044515,Census Tract 445.15,"Census Tract 445.15, Riverside County, California",0,6,65,,44515,4001,1524.906981,1385,1256,129,1192,149,90,50,9,1801,710,1038,2963
6065044516,Census Tract 445.16,"Census Tract 445.16, Riverside County, California",0,6,65,,44516,7480,1852.636814,2672,2301,371,2397,498,219,198,20,2726,1422,2583,4897
6065044517,Census Tract 445.17,"Census Tract 445.17, Riverside County, California",0,6,65,,44517,2797,915.2284934,1538,1208,330,1712,123,39,120,8,424,371,1950,847
6065044518,Census Tract 445.18,"Census Tract 445.18, Riverside County, California",0,6,65,,44518,6562,876.4362988,2470,2257,213,2946,449,103,215,6,1734,1109,3371,3191
6065044520,Census Tract 445.20,"Census Tract 445.20, Riverside County, California",0,6,65,,44520,1618,30.21513063,882,655,227,963,16,27,20,2,380,210,962,656
6065044521,Census Tract 445.21,"Census Tract 445.21, Riverside County, California",0,6,65,,44521,1304,19.97515084,559,472,87,609,62,27,31,8,351,216,671,633
6065044523,Census Tract 445.23,"Census Tract 445.23, Riverside County, California",0,6,65,,44523,2254,204.6062091,1738,1059,679,1325,42,71,53,6,502,255,1377,877
6065044524,Census Tract 445.24,"Census Tract 445.24, Riverside County, California",0,6,65,,44524,3277,67.63375329,1147,1028,119,1055,142,97,78,7,1354,544,1125,2152
6065044602,Census Tract 446.02,"Census Tract 446.02, Riverside County, California",0,6,65,,44602,2707,2699.855253,2041,1519,522,1802,101,24,124,2,364,290,2016,691
6065044604,Census Tract 446.04,"Census Tract 446.04, Riverside County, California",0,6,65,,44604,3772,3114.748866,1994,1635,359,2109,92,53,171,6,882,459,2299,1473
6065044605,Census Tract 446.05,"Census Tract 446.05, Riverside County, California",0,6,65,,44605,5222,2739.270921,3032,2240,792,2215,744,86,223,8,1258,688,2966,2256
6065044606,Census Tract 446.06,"Census Tract 446.06, Riverside County, California",0,6,65,,44606,2986,188.5137078,2252,1522,730,1898,109,30,93,4,492,360,2053,933
6065044701,Census Tract 447.01,"Census Tract 447.01, Riverside County, California",0,6,65,,44701,3261,3240.098143,2213,1679,534,1990,148,51,187,12,550,323,2231,1030
6065044702,Census Tract 447.02,"Census Tract 447.02, Riverside County, California",0,6,65,,44702,2087,3313.271928,607,569,38,396,52,33,93,6,1071,436,323,1764
6065044804,Census Tract 448.04,"Census Tract 448.04, Riverside County, California",0,6,65,,44804,2302,2364.178174,1098,927,171,874,62,38,353,7,606,362,1235,1067
6065044805,Census Tract 448.05,"Census Tract 448.05, Riverside County, California",0,6,65,,44805,1580,3169.439835,1530,995,535,1269,25,10,60,0,86,130,1370,210
6065044806,Census Tract 448.06,"Census Tract 448.06, Riverside County, California",0,6,65,,44806,1883,3942.579676,1578,1228,350,1404,53,20,44,5,160,197,1516,367
6065044807,Census Tract 448.07,"Census Tract 448.07, Riverside County, California",0,6,65,,44807,1343,38.32382015,1111,802,309,999,38,6,103,6,77,114,1148,195
6065044904,Census Tract 449.04,"Census Tract 449.04, Riverside County, California",0,6,65,,44904,4721,359.4029092,1826,1707,119,2031,156,110,348,11,1172,893,2395,2326
6065044907,Census Tract 449.07,"Census Tract 449.07, Riverside County, California",0,6,65,,44907,5226,10265.99828,1469,1361,108,933,96,81,122,5,2849,1140,620,4606
6065044911,Census Tract 449.11,"Census Tract 449.11, Riverside County, California",0,6,65,,44911,5034,2431.92178,2935,2343,592,3175,116,44,260,6,742,691,3428,1606
6065044916,Census Tract 449.16,"Census Tract 449.16, Riverside County, California",0,6,65,,44916,4881,4880.374405,2406,1978,428,2103,179,92,151,5,1583,768,2220,2661
6065044917,Census Tract 449.17,"Census Tract 449.17, Riverside County, California",0,6,65,,44917,3854,1093.785921,3401,2154,1247,3336,53,12,112,2,81,258,3577,277
6065044918,Census Tract 449.18,"Census Tract 449.18, Riverside County, California",0,6,65,,44918,2994,824.5371639,2450,1432,1018,2522,60,1,147,7,71,186,2776,218
6065044919,Census Tract 449.19,"Census Tract 449.19, Riverside County, California",0,6,65,,44919,4857,1599.695274,4269,2767,1502,4211,94,24,135,4,125,264,4489,368
6065044921,Census Tract 449.21,"Census Tract 449.21, Riverside County, California",0,6,65,,44921,2340,892.2207635,1447,1007,440,1793,42,14,221,0,102,168,2103,237
6065044922,Census Tract 449.22,"Census Tract 449.22, Riverside County, California",0,6,65,,44922,5980,1267.641248,3734,2616,1118,3954,193,49,615,8,361,800,4782,1198
6065044923,Census Tract 449.23,"Census Tract 449.23, Riverside County, California",0,6,65,,44923,3364,6685.814637,1182,1087,95,1218,88,51,223,9,1109,666,1409,1955
6065044924,Census Tract 449.24,"Census Tract 449.24, Riverside County, California",0,6,65,,44924,3886,7761.050575,1264,1169,95,1314,86,83,359,4,1362,678,1563,2323
6065044925,Census Tract 449.25,"Census Tract 449.25, Riverside County, California",0,6,65,,44925,3439,4573.091282,1129,1048,81,1108,78,52,258,5,1272,666,1239,2200
6065044926,Census Tract 449.26,"Census Tract 449.26, Riverside County, California",0,6,65,,44926,4714,7536.010365,1614,1434,180,1216,115,134,581,2,1846,820,1636,3078
6065044927,Census Tract 449.27,"Census Tract 449.27, Riverside County, California",0,6,65,,44927,3637,1785.664646,3452,1828,1624,2624,85,22,156,7,409,334,2822,815
6065044928,Census Tract 449.28,"Census Tract 449.28, Riverside County, California",0,6,65,,44928,3453,1322.527702,2993,1671,1322,2968,38,14,97,3,116,217,3107,346
6065044929,Census Tract 449.29,"Census Tract 449.29, Riverside County, California",0,6,65,,44929,4151,3432.491402,3241,2291,950,3145,67,26,246,11,265,391,3440,711
6065044930,Census Tract 449.30,"Census Tract 449.30, Riverside County, California",0,6,65,,44930,3188,2207.151719,1827,1373,454,1820,55,46,133,4,638,492,1869,1319
6065044931,Census Tract 449.31,"Census Tract 449.31, Riverside County, California",0,6,65,,44931,2330,4613.540188,685,626,59,719,63,41,224,1,887,395,817,1513
6065044932,Census Tract 449.32,"Census Tract 449.32, Riverside County, California",0,6,65,,44932,3104,6034.861582,1163,1095,68,1297,60,70,373,9,764,531,1646,1458
6065044933,Census Tract 449.33,"Census Tract 449.33, Riverside County, California",0,6,65,,44933,3456,13720.06605,977,911,66,540,59,72,150,3,1949,683,416,3040
6065044934,Census Tract 449.34,"Census Tract 449.34, Riverside County, California",0,6,65,,44934,2753,10889.28268,946,911,35,573,68,47,42,2,1447,574,384,2369
6065045000,Census Tract 450,"Census Tract 450, Riverside County, California",0,6,65,,45000,3054,1922.167571,1697,1455,242,1648,92,60,55,1,728,470,1712,1342
6065045103,Census Tract 451.03,"Census Tract 451.03, Riverside County, California",0,6,65,,45103,3291,378.4179328,2879,1816,1063,2308,65,24,78,5,465,346,2448,843
6065045109,Census Tract 451.09,"Census Tract 451.09, Riverside County, California",0,6,65,,45109,3617,6393.609245,1687,1417,270,2080,77,57,63,1,744,595,2034,1583
6065045110,Census Tract 451.10,"Census Tract 451.10, Riverside County, California",0,6,65,,45110,4971,7731.869262,2027,1793,234,2379,159,79,93,10,1348,903,2271,2700
6065045114,Census Tract 451.14,"Census Tract 451.14, Riverside County, California",0,6,65,,45114,1912,1619.734715,1922,1058,864,1703,10,0,36,0,32,131,1771,141
6065045115,Census Tract 451.15,"Census Tract 451.15, Riverside County, California",0,6,65,,45115,1811,2021.753564,1587,924,663,1603,8,5,38,3,39,115,1667,144
6065045116,Census Tract 451.16,"Census Tract 451.16, Riverside County, California",0,6,65,,45116,1438,2848.332555,1148,743,405,1057,17,6,34,7,134,183,1119,319
6065045117,Census Tract 451.17,"Census Tract 451.17, Riverside County, California",0,6,65,,45117,3911,2824.627834,2736,1969,767,2690,102,32,155,1,470,461,2955,956
6065045118,Census Tract 451.18,"Census Tract 451.18, Riverside County, California",0,6,65,,45118,2676,2515.529821,1779,1239,540,1406,62,11,79,2,710,406,1392,1284
6065045119,Census Tract 451.19,"Census Tract 451.19, Riverside County, California",0,6,65,,45119,2751,3714.428177,1192,1036,156,1617,28,55,169,3,446,433,1733,1018
6065045120,Census Tract 451.20,"Census Tract 451.20, Riverside County, California",0,6,65,,45120,4458,2999.372781,2556,1794,762,2215,77,61,93,33,1210,769,2169,2289
6065045122,Census Tract 451.22,"Census Tract 451.22, Riverside County, California",0,6,65,,45122,1326,1033.965944,1311,752,559,1167,22,4,40,5,23,65,1252,74
6065045123,Census Tract 451.23,"Census Tract 451.23, Riverside County, California",0,6,65,,45123,2274,1832.988098,1737,1107,630,1690,29,12,117,1,240,185,1830,444
6065045124,Census Tract 451.24,"Census Tract 451.24, Riverside County, California",0,6,65,,45124,1471,61.74818115,1295,788,507,1120,13,7,47,7,121,156,1203,268
6065045125,Census Tract 451.25,"Census Tract 451.25, Riverside County, California",0,6,65,,45125,2655,79.37818363,3516,1415,2101,2251,19,2,64,3,153,163,2338,317
6065045126,Census Tract 451.26,"Census Tract 451.26, Riverside County, California",0,6,65,,45126,2835,8093.35565,1231,1103,128,1150,52,45,105,1,1018,464,1135,1700
6065045127,Census Tract 451.27,"Census Tract 451.27, Riverside County, California",0,6,65,,45127,2572,3750.347162,1402,1159,243,1648,74,42,101,6,350,351,1714,858
6065045128,Census Tract 451.28,"Census Tract 451.28, Riverside County, California",0,6,65,,45128,1580,1240.767362,1322,786,536,1322,23,0,21,1,84,129,1372,208
6065045129,Census Tract 451.29,"Census Tract 451.29, Riverside County, California",0,6,65,,45129,4677,1934.949166,2937,2026,911,2710,74,27,151,2,1075,638,2810,1867
6065045207,Census Tract 452.07,"Census Tract 452.07, Riverside County, California",0,6,65,,45207,5521,7077.268495,1874,1753,121,1281,161,78,64,12,2907,1018,970,4551
6065045209,Census Tract 452.09,"Census Tract 452.09, Riverside County, California",0,6,65,,45209,6497,8293.866496,2199,2095,104,1280,134,135,95,3,3456,1394,807,5690
6065045212,Census Tract 452.12,"Census Tract 452.12, Riverside County, California",0,6,65,,45212,2148,2073.670962,1268,1031,237,1396,101,19,59,2,332,239,1517,631
6065045213,Census Tract 452.13,"Census Tract 452.13, Riverside County, California",0,6,65,,45213,5619,4949.333029,2056,1831,225,1936,105,89,248,6,2070,1165,1852,3767
6065045214,Census Tract 452.14,"Census Tract 452.14, Riverside County, California",0,6,65,,45214,6009,2821.796032,2906,2450,456,4019,122,40,352,1,623,852,4427,1582
6065045216,Census Tract 452.16,"Census Tract 452.16, Riverside County, California",0,6,65,,45216,2253,1565.196774,1499,1172,327,1720,52,6,80,2,153,240,1838,415
6065045217,Census Tract 452.17,"Census Tract 452.17, Riverside County, California",0,6,65,,45217,7230,6455.736726,1946,1895,51,1570,107,112,189,1,3403,1848,1128,6102
6065045222,Census Tract 452.22,"Census Tract 452.22, Riverside County, California",0,6,65,,45222,2455,807.5208185,2050,821,1229,1180,73,34,152,5,539,472,1270,1185
6065045224,Census Tract 452.24,"Census Tract 452.24, Riverside County, California",0,6,65,,45224,5696,3015.528521,2623,1806,817,2439,80,79,160,3,1918,1017,2267,3429
6065045226,Census Tract 452.26,"Census Tract 452.26, Riverside County, California",0,6,65,,45226,6528,6335.298409,1441,1416,25,1070,54,113,56,6,3635,1594,390,6138
6065045228,Census Tract 452.28,"Census Tract 452.28, Riverside County, California",0,6,65,,45228,5662,136.5206203,2491,2125,366,3228,147,62,213,16,973,1023,3408,2254
6065045233,Census Tract 452.33,"Census Tract 452.33, Riverside County, California",0,6,65,,45233,4735,3318.649997,2003,1847,156,2361,153,70,210,6,1005,930,2493,2242
6065045234,Census Tract 452.34,"Census Tract 452.34, Riverside County, California",0,6,65,,45234,4699,4969.363402,2104,1723,381,2920,83,43,331,3,627,692,3221,1478
6065045235,Census Tract 452.35,"Census Tract 452.35, Riverside County, California",0,6,65,,45235,3562,2899.023771,1549,1324,225,2035,54,28,339,8,609,489,2343,1219
6065045302,Census Tract 453.02,"Census Tract 453.02, Riverside County, California",0,6,65,,45302,4362,6792.183826,1095,1066,29,995,32,102,9,2,1951,1271,317,4045
6065045303,Census Tract 453.03,"Census Tract 453.03, Riverside County, California",0,6,65,,45303,3141,2517.729718,833,808,25,629,41,48,30,0,1524,869,228,2913
6065045305,Census Tract 453.05,"Census Tract 453.05, Riverside County, California",0,6,65,,45305,4744,3893.709194,1343,1280,63,1910,148,62,210,7,1247,1160,1878,2866
6065045306,Census Tract 453.06,"Census Tract 453.06, Riverside County, California",0,6,65,,45306,6242,4791.939452,1779,1699,80,2252,138,135,270,5,2095,1347,2043,4199
6065045501,Census Tract 455.01,"Census Tract 455.01, Riverside County, California",0,6,65,,45501,5906,6710.649464,1625,1589,36,1239,241,125,130,0,2935,1236,901,5005
6065045502,Census Tract 455.02,"Census Tract 455.02, Riverside County, California",0,6,65,,45502,3846,6199.83808,1239,1181,58,892,91,95,51,8,1882,827,616,3230
6065045606,Census Tract 456.06,"Census Tract 456.06, Riverside County, California",0,6,65,,45606,3660,460.5790474,2564,1622,942,2294,84,21,108,2,602,549,2365,1295
6065045610,Census Tract 456.10,"Census Tract 456.10, Riverside County, California",0,6,65,,45610,4124,250.8861729,1104,1013,91,626,38,128,33,3,2490,806,120,4004
6065045611,Census Tract 456.11,"Census Tract 456.11, Riverside County, California",0,6,65,,45611,4276,5617.97578,952,939,13,1194,4,165,11,0,2324,578,71,4205
6065045612,Census Tract 456.12,"Census Tract 456.12, Riverside County, California",0,6,65,,45612,4810,57.45332828,1225,1153,72,884,14,227,8,3,2612,1062,153,4657
6065045613,Census Tract 456.13,"Census Tract 456.13, Riverside County, California",0,6,65,,45613,1947,626.5846956,2686,1050,1636,1750,20,7,57,0,24,89,1827,120
6065045614,Census Tract 456.14,"Census Tract 456.14, Riverside County, California",0,6,65,,45614,1149,313.1713687,1219,553,666,984,21,8,46,1,13,76,1054,95
6065045615,Census Tract 456.15,"Census Tract 456.15, Riverside County, California",0,6,65,,45615,3535,204.6382862,965,913,52,732,15,73,24,1,1961,729,318,3217
6065045616,Census Tract 456.16,"Census Tract 456.16, Riverside County, California",0,6,65,,45616,1818,101.6661519,518,486,32,238,5,14,17,3,1011,530,77,1741
6065045617,Census Tract 456.17,"Census Tract 456.17, Riverside County, California",0,6,65,,45617,2598,161.440286,1520,1146,374,1633,30,105,38,2,493,297,1650,948
6065045618,Census Tract 456.18,"Census Tract 456.18, Riverside County, California",0,6,65,,45618,2181,90.28178377,544,507,37,264,4,160,27,0,1214,512,99,2082
6065045619,Census Tract 456.19,"Census Tract 456.19, Riverside County, California",0,6,65,,45619,4407,152.5862236,1068,990,78,747,8,330,19,0,2433,870,162,4245
6065045703,Census Tract 457.03,"Census Tract 457.03, Riverside County, California",0,6,65,,45703,6297,5288.510993,1425,1398,27,1070,29,152,24,5,3655,1362,165,6132
6065045704,Census Tract 457.04,"Census Tract 457.04, Riverside County, California",0,6,65,,45704,3135,11364.41394,830,809,21,545,14,78,17,1,1884,596,86,3049
6065045706,Census Tract 457.06,"Census Tract 457.06, Riverside County, California",0,6,65,,45706,4297,4009.111924,1049,1027,22,781,14,67,2,0,2339,1094,64,4233
6065045707,Census Tract 457.07,"Census Tract 457.07, Riverside County, California",0,6,65,,45707,6289,7882.326953,1543,1518,25,1162,46,110,25,0,3289,1657,190,6099
6065045708,Census Tract 457.08,"Census Tract 457.08, Riverside County, California",0,6,65,,45708,4412,6388.603666,1056,1024,32,828,25,128,26,0,2615,790,131,4281
6065045709,Census Tract 457.09,"Census Tract 457.09, Riverside County, California",0,6,65,,45709,4579,6978.869035,1095,1090,5,749,14,121,15,1,2706,973,127,4452
6065045900,Census Tract 459,"Census Tract 459, Riverside County, California",0,6,65,,45900,1511,14.30469266,683,547,136,625,78,19,12,1,493,283,583,928
6065046101,Census Tract 461.01,"Census Tract 461.01, Riverside County, California",0,6,65,,46101,2862,3825.144945,1237,1095,142,1199,171,65,77,8,877,465,1271,1591
6065046102,Census Tract 461.02,"Census Tract 461.02, Riverside County, California",0,6,65,,46102,2028,2682.062902,787,697,90,608,231,55,34,4,838,258,583,1445
6065046103,Census Tract 461.03,"Census Tract 461.03, Riverside County, California",0,6,65,,46103,2757,909.7307723,1043,963,80,1253,135,50,93,5,778,443,1299,1458
6065046200,Census Tract 462,"Census Tract 462, Riverside County, California",0,6,65,,46200,3084,679.6289719,1197,1087,110,892,408,71,37,3,1137,536,1040,2044
6065046401,Census Tract 464.01,"Census Tract 464.01, Riverside County, California",0,6,65,,46401,3953,50.60199928,1351,1261,90,1919,120,78,155,11,862,808,2067,1886
6065046402,Census Tract 464.02,"Census Tract 464.02, Riverside County, California",0,6,65,,46402,5261,5611.538626,1952,1818,134,2618,118,114,94,11,1341,965,2612,2649
6065046403,Census Tract 464.03,"Census Tract 464.03, Riverside County, California",0,6,65,,46403,7686,2697.77437,2350,2277,73,3436,222,170,300,36,2126,1396,3731,3955
6065046404,Census Tract 464.04,"Census Tract 464.04, Riverside County, California",0,6,65,,46404,6160,1498.745677,1908,1821,87,2754,270,98,330,9,1529,1170,3079,3081
6065046405,Census Tract 464.05,"Census Tract 464.05, Riverside County, California",0,6,65,,46405,4128,2547.585027,1275,1216,59,2052,94,52,113,21,1100,696,2203,1925
6065046501,Census Tract 465.01,"Census Tract 465.01, Riverside County, California",0,6,65,,46501,3455,2407.608357,104,96,8,1858,166,47,587,3,316,478,2619,836
6065046502,Census Tract 465.02,"Census Tract 465.02, Riverside County, California",0,6,65,,46502,4364,10928.67377,1462,1358,104,1334,515,66,1125,13,847,464,2846,1518
6065046601,Census Tract 466.01,"Census Tract 466.01, Riverside County, California",0,6,65,,46601,4560,4830.928689,228,228,0,1199,1228,55,72,4,1830,172,2629,1931
6065046602,Census Tract 466.02,"Census Tract 466.02, Riverside County, California",0,6,65,,46602,3497,1868.741828,1086,1063,23,2246,59,38,53,11,560,530,2230,1267
6065046700,Census Tract 467,"Census Tract 467, Riverside County, California",0,6,65,,46700,4243,330.0846491,1725,1395,330,1184,548,81,132,33,1771,494,1462,2781
6065046800,Census Tract 468,"Census Tract 468, Riverside County, California",0,6,65,,46800,6517,8604.146353,1536,1515,21,1336,887,143,380,44,2692,1035,2172,4345
6065046900,Census Tract 469,"Census Tract 469, Riverside County, California",0,6,65,,46900,1725,0.452954681,935,641,294,776,60,42,14,2,554,277,758,967
6065047000,Census Tract 470,"Census Tract 470, Riverside County, California",0,6,65,,47000,1567,30.06762664,910,609,301,902,64,20,18,1,333,229,958,609
6065047201,Census Tract 472.01,"Census Tract 472.01, Riverside County, California",0,6,65,,47201,2165,2131.569592,2015,1144,871,1265,32,28,25,1,579,235,1269,896
6065047202,Census Tract 472.02,"Census Tract 472.02, Riverside County, California",0,6,65,,47202,1891,118.6606817,1454,781,673,1151,32,18,32,4,381,273,1256,635
6065047901,Census Tract 479.01,"Census Tract 479.01, Riverside County, California",0,6,65,,47901,5122,7061.628356,1511,1497,14,2525,332,51,780,25,503,906,3515,1607
6065047902,Census Tract 479.02,"Census Tract 479.02, Riverside County, California",0,6,65,,47902,6414,2638.84615,1828,1775,53,3252,345,40,1141,22,540,1074,4695,1719
6065048100,Census Tract 481,"Census Tract 481, Riverside County, California",0,6,65,,48100,6631,263.0714,2090,1979,111,3550,297,58,1025,21,634,1046,4766,1865
6065048200,Census Tract 482,"Census Tract 482, Riverside County, California",0,6,65,,48200,4251,5880.658305,1236,1207,29,1664,244,55,706,16,849,717,2405,1846
6065048300,Census Tract 483,"Census Tract 483, Riverside County, California",0,6,65,,48300,6497,9001.769651,1661,1626,35,1121,1415,135,488,34,2243,1061,2804,3693
6065048700,Census Tract 487,"Census Tract 487, Riverside County, California",0,6,65,,48700,4908,2158.75878,1207,1186,21,1030,1236,55,567,34,1128,858,2677,2231
6065048800,Census Tract 488,"Census Tract 488, Riverside County, California",0,6,65,,48800,4556,2658.163835,1124,1106,18,796,790,131,317,18,1765,739,1632,2924
6065048901,Census Tract 489.01,"Census Tract 489.01, Riverside County, California",0,6,65,,48901,3828,10526.22679,1011,986,25,890,432,81,135,14,1632,644,1216,2612
6065048902,Census Tract 489.02,"Census Tract 489.02, Riverside County, California",0,6,65,,48902,7472,11659.73114,1951,1913,38,1410,1114,116,159,35,3474,1164,2083,5389
6065049001,Census Tract 490.01,"Census Tract 490.01, Riverside County, California",0,6,65,,49001,6345,2543.057468,1593,1562,31,1168,1685,140,745,17,1606,984,3447,2898
6065049002,Census Tract 490.02,"Census Tract 490.02, Riverside County, California",0,6,65,,49002,2848,1584.87028,752,735,17,629,773,59,364,21,529,473,1757,1091
6065049101,Census Tract 491.01,"Census Tract 491.01, Riverside County, California",0,6,65,,49101,2491,3268.611273,1957,1090,867,977,102,30,45,0,862,475,924,1567
6065049102,Census Tract 491.02,"Census Tract 491.02, Riverside County, California",0,6,65,,49102,3074,3016.73077,2097,1422,675,1832,84,37,96,0,571,454,1933,1141
6065049400,Census Tract 494,"Census Tract 494, Riverside County, California",0,6,65,,49400,2849,796.826959,1599,1305,294,1716,35,22,48,1,582,445,1680,1169
6065049501,Census Tract 495.01,"Census Tract 495.01, Riverside County, California",0,6,65,,49501,4600,9031.031751,1298,1215,83,841,51,92,48,2,2516,1050,334,4266
6065049502,Census Tract 495.02,"Census Tract 495.02, Riverside County, California",0,6,65,,49502,4222,4958.342101,1127,1100,27,943,97,98,24,2,2041,1017,536,3686
6065049600,Census Tract 496,"Census Tract 496, Riverside County, California",0,6,65,,49600,7361,4916.690909,2675,2543,132,4081,372,58,1013,30,511,1296,5580,1781
6065049701,Census Tract 497.01,"Census Tract 497.01, Riverside County, California",0,6,65,,49701,4126,4254.970562,1178,1162,16,2719,118,28,262,16,290,693,3144,982
6065049702,Census Tract 497.02,"Census Tract 497.02, Riverside County, California",0,6,65,,49702,5401,175.9967665,1683,1618,65,3777,133,40,270,7,354,820,4255,1146
6065049800,Census Tract 498,"Census Tract 498, Riverside County, California",0,6,65,,49800,4012,1118.39312,1577,1512,65,2133,190,46,261,9,744,629,2428,1584
6065050301,Census Tract 503.01,"Census Tract 503.01, Riverside County, California",0,6,65,,50301,6337,8971.787046,1724,1680,44,2767,470,60,1151,43,727,1119,4404,1933
6065050302,Census Tract 503.02,"Census Tract 503.02, Riverside County, California",0,6,65,,50302,5752,1458.380826,1678,1618,60,2574,410,37,940,13,651,1127,3981,1771
6065050401,Census Tract 504.01,"Census Tract 504.01, Riverside County, California",0,6,65,,50401,4855,5123.270732,1403,1382,21,2392,257,45,553,20,612,976,3198,1657
6065050402,Census Tract 504.02,"Census Tract 504.02, Riverside County, California",0,6,65,,50402,5134,8140.652264,1721,1665,56,2602,236,78,415,49,856,898,3169,1965
6065050501,Census Tract 505.01,"Census Tract 505.01, Riverside County, California",0,6,65,,50501,5398,8522.662916,1603,1551,52,2156,446,77,638,12,1005,1064,3121,2277
6065050502,Census Tract 505.02,"Census Tract 505.02, Riverside County, California",0,6,65,,50502,3940,8143.134506,1124,1105,19,1987,298,20,662,16,305,652,3028,912
6065050503,Census Tract 505.03,"Census Tract 505.03, Riverside County, California",0,6,65,,50503,5542,6623.38363,1768,1737,31,2409,452,70,984,26,672,929,3834,1708
6065050600,Census Tract 506,"Census Tract 506, Riverside County, California",0,6,65,,50600,7869,3370.164063,2722,2572,150,4734,409,97,525,42,756,1306,5642,2227
6065050701,Census Tract 507.01,"Census Tract 507.01, Riverside County, California",0,6,65,,50701,8318,1607.736785,2256,2178,78,3705,699,145,1060,62,1079,1568,5404,2914
6065050702,Census Tract 507.02,"Census Tract 507.02, Riverside County, California",0,6,65,,50702,4768,3616.478566,1458,1425,33,2413,445,74,452,21,635,728,3219,1549
6065050901,Census Tract 509.01,"Census Tract 509.01, Riverside County, California",0,6,65,,50901,2147,1243.307834,1161,1017,144,861,296,16,402,4,305,263,1469,678
6065050902,Census Tract 509.02,"Census Tract 509.02, Riverside County, California",0,6,65,,50902,2503,5364.055468,979,920,59,997,226,19,428,16,386,431,1639,864
6065051100,Census Tract 511,"Census Tract 511, Riverside County, California",0,6,65,,51100,6506,7624.257019,1879,1808,71,1200,1769,203,403,44,1852,1035,3042,3464
6065051200,Census Tract 512,"Census Tract 512, Riverside County, California",0,6,65,,51200,4682,189.9994877,2072,1897,175,2490,202,73,387,12,832,686,3058,1624
6065051301,Census Tract 513.01,"Census Tract 513.01, Riverside County, California",0,6,65,,51301,5459,3724.982438,1612,1547,65,2012,519,165,264,15,1612,872,2380,3079
6065051302,Census Tract 513.02,"Census Tract 513.02, Riverside County, California",0,6,65,,51302,5018,433.423611,1708,1526,182,2331,323,152,164,24,1263,761,2554,2464
6065051401,Census Tract 514.01,"Census Tract 514.01, Riverside County, California",0,6,65,,51401,3644,2397.515654,2717,2186,531,3404,48,0,58,6,16,112,3532,112
6065051402,Census Tract 514.02,"Census Tract 514.02, Riverside County, California",0,6,65,,51402,3050,2169.531393,2480,1906,574,2778,34,9,56,3,30,140,2903,147
6065940100,Census Tract 9401,"Census Tract 9401, Riverside County, California",0,6,65,,940100,174,6.723813909,1027,91,936,154,0,9,0,0,0,11,165,9
6065940400,Census Tract 9404,"Census Tract 9404, Riverside County, California",0,6,65,,940400,6242,1403.946745,1457,1422,35,1010,57,108,75,2,3229,1761,427,5815
6065940500,Census Tract 9405,"Census Tract 9405, Riverside County, California",0,6,65,,940500,2421,44.67747511,2453,1404,1049,2066,33,37,42,1,53,189,2196,225
6065940600,Census Tract 9406,"Census Tract 9406, Riverside County, California",0,6,65,,940600,3660,330.789723,4274,1954,2320,2937,36,49,172,17,175,274,3242,418
6065940700,Census Tract 9407,"Census Tract 9407, Riverside County, California",0,6,65,,940700,2561,2559.976993,2422,1520,902,1986,67,21,101,1,172,213,2174,387
6065940800,Census Tract 9408,"Census Tract 9408, Riverside County, California",0,6,65,,940800,2852,2844.323585,2793,1823,970,2404,38,16,81,2,109,202,2569,283
6065940900,Census Tract 9409,"Census Tract 9409, Riverside County, California",0,6,65,,940900,2044,2389.234985,1544,1153,391,1666,43,24,39,5,70,197,1805,239
6065941001,Census Tract 9410.01,"Census Tract 9410.01, Riverside County, California",0,6,65,,941001,1788,882.5114536,1501,1112,389,1281,51,10,41,4,205,196,1362,426
6065941002,Census Tract 9410.02,"Census Tract 9410.02, Riverside County, California",0,6,65,,941002,2217,1118.173977,2668,1353,1315,1743,79,28,63,0,116,188,1922,295
6065941100,Census Tract 9411,"Census Tract 9411, Riverside County, California",0,6,65,,941100,2122,2463.601306,2268,1373,895,1832,40,19,36,0,41,154,1949,173
6065941200,Census Tract 9412,"Census Tract 9412, Riverside County, California",0,6,65,,941200,2845,565.9672754,2859,1624,1235,2211,71,24,102,5,193,239,2423,422
6065941300,Census Tract 9413,"Census Tract 9413, Riverside County, California",0,6,65,,941300,3067,3030.472689,2448,1721,727,2172,120,39,166,8,254,308,2528,539
6065941400,Census Tract 9414,"Census Tract 9414, Riverside County, California",0,6,65,,941400,3985,4017.983297,3041,2140,901,2562,210,58,191,1,595,368,2911,1074
6065941500,Census Tract 9415,"Census Tract 9415, Riverside County, California",0,6,65,,941500,4858,313.5634252,1487,1439,48,2184,327,576,91,10,945,725,2861,1997
6065980004,Census Tract 9800.04,"Census Tract 9800.04, Riverside County, California",0,6,65,,980004,6,2.709570372,3,2,1,0,0,2,1,1,0,2,2,4
6065981000,Census Tract 9810,"Census Tract 9810, Riverside County, California",0,6,65,,981000,5996,2214.382113,2,1,1,896,1128,60,63,11,3716,122,2291,3705